"Kind","Epic code","Epic","Item","Type","Sprint","Quarter","Priority","Status","Estimated SP","Actual SP","Completed Date","Commits","Latest commit","Source","Plan vs board"
"Epic","HRIS-01","Employee Onboarding & Data Management","HRIS-01 Employee Onboarding & Data Management","Epic","","Q2","","Shipped","101","","","","","plan (1 task rows, 5 SP)",""
"Epic","HRIS-01a","Employee Onboarding & Offboarding Automation","HRIS-01a Employee Onboarding & Offboarding Automation","Epic","","Q2","","Shipped","80","","","","","plan (28 task rows, 100 SP)",""
"Epic","HRIS-02a","Payroll Wizard","HRIS-02a Payroll Wizard","Epic","","Q2","","Shipped","90","","","","","plan (48 task rows, 203 SP)",""
"Epic","HRIS-02b","PAB Calculator & Rate Management","HRIS-02b PAB Calculator & Rate Management","Epic","","Q3","","In Progress","84","","","","","plan (19 task rows, 75 SP)",""
"Epic","HRIS-03a","Payment Dispatch","HRIS-03a Payment Dispatch","Epic","","Q3","","In Progress","42","","","","","plan (33 task rows, 110 SP)",""
"Epic","HRIS-03b","Paystub Dispatch","HRIS-03b Paystub Dispatch","Epic","","Q3","","In Progress","26","","","","","plan (16 task rows, 63 SP)",""
"Epic","HRIS-03c","Vendors & Orphanage Payments","HRIS-03c Vendors & Orphanage Payments","Epic","","Q3","","In Progress","71","","","","","plan (15 task rows, 60 SP)",""
"Epic","HRIS-04","Employee Dispute / Issue System","HRIS-04 Employee Dispute / Issue System","Epic","","Q3","","In Progress","52","","","","","plan (11 task rows, 44 SP)",""
"Epic","HRIS-05","RBAC, Security & Access Control","HRIS-05 RBAC, Security & Access Control","Epic","","Q3","","In Progress","75","","","","","plan (16 task rows, 56 SP)",""
"Epic","HRIS-06","KPI Calculator & Payment Catalog","HRIS-06 KPI Calculator & Payment Catalog","Epic","","Q2","","Shipped","76","","","","","plan (72 task rows, 299 SP)",""
"Epic","HRIS-07","MESA Integration","HRIS-07 MESA Integration","Epic","","Q3","","In Progress","41","","","","","plan (24 task rows, 101 SP)",""
"Epic","HRIS-08","Bonus Engine","HRIS-08 Bonus Engine","Epic","","Q2","","Shipped","64","","","","","plan (6 task rows, 25 SP)",""
"Epic","HRIS-09","Employee Self-Service Portal","HRIS-09 Employee Self-Service Portal","Epic","","Q3","","In Progress","96","","","","","plan (33 task rows, 117 SP)",""
"Epic","HRIS-10","Manager & My Team","HRIS-10 Manager & My Team","Epic","","Q3","","In Progress","53","","","","","plan (21 task rows, 82 SP)",""
"Epic","HRIS-11","CEO / Executive Suite","HRIS-11 CEO / Executive Suite","Epic","","Q3","","In Progress","89","","","","","plan (4 task rows, 17 SP)",""
"Epic","HRIS-12","HR Operations Suite","HRIS-12 HR Operations Suite","Epic","","Q2","","Shipped","48","","","","","plan (6 task rows, 24 SP)",""
"Epic","HRIS-13","Real-time Collaboration & Presence","HRIS-13 Real-time Collaboration & Presence","Epic","","Q3","","In Progress","54","","","","","plan (7 task rows, 23 SP)",""
"Epic","HRIS-14","Integrations (Google Sheets / Workspace / Hubstaff)","HRIS-14 Integrations (Google Sheets / Workspace / Hubstaff)","Epic","","Q2","","Shipped","63","","","","","plan (10 task rows, 34 SP)",""
"Epic","HRIS-15","Platform, Admin & Observability","HRIS-15 Platform, Admin & Observability","Epic","","Q3","","Shipped","75","","","","","plan (57 task rows, 194 SP)",""
"Epic","HRIS-16","QC / Quality Control","HRIS-16 QC / Quality Control","Epic","","Q2","","Shipped","18","","","","","plan (10 task rows, 35 SP)",""
"Epic","HRIS-17","Tickets & Support Board (Kanban)","HRIS-17 Tickets & Support Board (Kanban)","Epic","","Q3","","Shipped","20","","","","","plan (10 task rows, 51 SP)",""
"Epic","HRIS-18","Documents Center & E-Signing","HRIS-18 Documents Center & E-Signing","Epic","","Q3","","Shipped","20","","","","","plan (14 task rows, 57 SP)",""
"Epic","HRIS-19","Bank Preferred Governance & WIRES Lock","HRIS-19 Bank Preferred Governance & WIRES Lock","Epic","","Q3","","Shipped","20","","","","","plan (8 task rows, 32 SP)",""
"Epic","HRIS-20","Payroll Readiness Dashboard","HRIS-20 Payroll Readiness Dashboard","Epic","","Q3","","Shipped","12","","","","","plan (7 task rows, 24 SP)",""
"Epic","HRIS-21","Payroll Notes & Adjustments Bridge","HRIS-21 Payroll Notes & Adjustments Bridge","Epic","","Q3","","Shipped","14","","","","","plan (5 task rows, 17 SP)",""
"Epic","HRIS-22","Hubstaff Live API Integration","HRIS-22 Hubstaff Live API Integration","Epic","","Q3","","Shipped","12","","","","","plan (0 task rows, 0 SP)","board says Cancelled (known drift, SKILL.md:397)"
"Epic","HRIS-23","People Directory & Pay Governance","HRIS-23 People Directory & Pay Governance","Epic","","Q3","","Shipped","25","","","","","plan (12 task rows, 40 SP)",""
"Epic","HRIS-24","New Hire Checklist & Hiring Analytics","HRIS-24 New Hire Checklist & Hiring Analytics","Epic","","Q3","","Shipped","20","","","","","plan (10 task rows, 38 SP)",""
"Epic","HRIS-25","Self-Serve Bank Update (OTP)","HRIS-25 Self-Serve Bank Update (OTP)","Epic","","Q3","","Shipped","11","","","","","plan (5 task rows, 22 SP)",""
"Epic","HRIS-26","Department Transfers v2","HRIS-26 Department Transfers v2","Epic","","Q3","","Shipped","14","","","","","plan (8 task rows, 26 SP)",""
"Epic","HRIS-27","Contractor Portal & Invoicing","HRIS-27 Contractor Portal & Invoicing","Epic","","Q2","","Shipped","20","","","","","plan (1 task rows, 5 SP)",""
"Epic","HRIS-28","CEO “Penny” AI Assistant & Live KPIs","HRIS-28 CEO “Penny” AI Assistant & Live KPIs","Epic","","Q2","","Shipped","18","","","","","plan (6 task rows, 31 SP)",""
"Epic","HRIS-29","Applicant Screening Hub","HRIS-29 Applicant Screening Hub","Epic","","Q3","","Shipped","10","","","","","plan (0 task rows, 0 SP)",""
"Epic","HRIS-30","HSL KPI 2026-07 Overhaul & Week-Model Cutover","HRIS-30 HSL KPI 2026-07 Overhaul & Week-Model Cutover","Epic","","Q3","","Shipped","19","","","","","plan (17 task rows, 61 SP)",""
"Epic","HRIS-31","S-WALL Social Wall & Announcements","HRIS-31 S-WALL Social Wall & Announcements","Epic","","Q2","","Shipped","11","","","","","plan (0 task rows, 0 SP)",""
"Epic","HRIS-32","Gifts & Milestones Tracker","HRIS-32 Gifts & Milestones Tracker","Epic","","Q2","","Shipped","12","","","","","plan (15 task rows, 59 SP)",""
"Epic","HRIS-33","Pay Cycle Reports & Publication","HRIS-33 Pay Cycle Reports & Publication","Epic","","Q3","","Shipped","13","","","","","plan (4 task rows, 21 SP)",""
"Task","HRIS-24","New Hire Checklist & Hiring Analytics","[HRIS] New Hire Checklist","Feature","Sprint 24","","","Done","5","5","2026-07-10","b504a17","https://github.com/Simple-biz/simple-hris/commit/b504a17","pass.mts @ca8721dc (2026-08-19)",""
"Task","HRIS-01a","Employee Onboarding & Offboarding Automation","[HRIS] Onboarding Gmail Surname","Feature","Sprint 22","","","Done","5","5","","","","plan (Done at create); no date in the repo",""
"Task","HRIS-01a","Employee Onboarding & Offboarding Automation","[HRIS] Onboarding Ip Assignment","Feature","Sprint 22","","","Done","5","5","","","","plan (Done at create); no date in the repo",""
"Task","HRIS-01a","Employee Onboarding & Offboarding Automation","[HRIS] Onboarding Pay Plans","Feature","Sprint 22","","","Done","5","5","2026-06-19","cb67856","https://github.com/Simple-biz/simple-hris/commit/cb67856","pass.mts @ca8721dc (2026-08-19)",""
"Task","HRIS-01a","Employee Onboarding & Offboarding Automation","[HRIS] Workspace Account Verify","Feature","Sprint 22","","","Done","3","3","","","","plan (Done at create); no date in the repo",""
"Task","HRIS-08","Bonus Engine","[HRIS] Bonus Calculator","Feature","Sprint 19","","","Done","5","5","2026-05-05","20c70dc","https://github.com/Simple-biz/simple-hris/commit/20c70dc","pass.mts @ca8721dc (2026-08-19)",""
"Task","HRIS-02a","Payroll Wizard","[HRIS] Payroll Wizard Final Pay","Feature","Sprint 22","","","Done","5","5","2026-06-10","1ebf6b3","https://github.com/Simple-biz/simple-hris/commit/1ebf6b3","pass.mts @ca8721dc (2026-08-19)",""
"Task","HRIS-03a","Payment Dispatch","[HRIS] Urgent Payments","Feature","Sprint 21","","","Done","5","5","2026-06-05","1f41c15","https://github.com/Simple-biz/simple-hris/commit/1f41c15","pass.mts @ca8721dc (2026-08-19)",""
"Task","HRIS-04","Employee Dispute / Issue System","[HRIS] Time Adjustment Requests","Feature","Sprint 21","","","Done","5","5","","","","plan (Done at create); no date in the repo",""
"Task","HRIS-03c","Vendors & Orphanage Payments","[HRIS] Orphanage Dispute Flow","Feature","Sprint 19","","","Done","3","3","","","","plan (Done at create); no date in the repo",""
"Task","HRIS-05","RBAC, Security & Access Control","[HRIS] Delete Authorization","Feature","Sprint 19","","","Done","3","3","2026-05-03","f548a15","https://github.com/Simple-biz/simple-hris/commit/f548a15","pass.mts @ca8721dc (2026-08-19)",""
"Task","HRIS-05","RBAC, Security & Access Control","[HRIS] Rbac Feature Permissions","Feature","Sprint 20","","","Done","5","5","","","","plan (Done at create); no date in the repo",""
"Task","HRIS-05","RBAC, Security & Access Control","[HRIS] Route Authorization","Feature","Sprint 23","","","Done","3","3","2026-06-23","07e4b9f","https://github.com/Simple-biz/simple-hris/commit/07e4b9f","pass.mts @ca8721dc (2026-08-19)",""
"Task","HRIS-07","MESA Integration","[HRIS] Mesa","Feature","Sprint 21","","","Done","5","5","2026-06-02","666ca74 bfcea8e efbe777","https://github.com/Simple-biz/simple-hris/commit/efbe777","pass.mts @ca8721dc (2026-08-19)",""
"Task","HRIS-01a","Employee Onboarding & Offboarding Automation","[HRIS] CallTools username capture + orientation webhook","Feature","Sprint 24","","","Done","5","5","","","","plan (Done at create); no date in the repo",""
"Task","HRIS-01a","Employee Onboarding & Offboarding Automation","[HRIS] Offboarding queue processor + notifications","Feature","Sprint 23","","","Done","5","5","","","","plan (Done at create); no date in the repo",""
"Task","HRIS-01a","Employee Onboarding & Offboarding Automation","[HRIS] Resignation requests flow","Feature","Sprint 23","","","Done","3","3","","","","plan (Done at create); no date in the repo",""
"Task","HRIS-01a","Employee Onboarding & Offboarding Automation","[HRIS] “Temporary Pause” offboard reason (suspend-only)","Feature","Sprint 24","","","Done","2","2","","","","plan (Done at create); no date in the repo",""
"Task","HRIS-01a","Employee Onboarding & Offboarding Automation","[HRIS] Offboarding weekly pulse card (Teal's request)","Feature","Sprint 24","","","Done","2","2","","","","plan (Done at create); no date in the repo",""
"Task","HRIS-01a","Employee Onboarding & Offboarding Automation","[HRIS] Onboarding name split → structured first/last/extension columns","Feature","Sprint 24","","","Done","3","3","2026-07-20","602b004","https://github.com/Simple-biz/simple-hris/commit/602b004","pass.mts @ca8721dc (2026-08-19)",""
"Task","HRIS-01a","Employee Onboarding & Offboarding Automation","[HRIS] Re-hires landing invisible (offboard-row reuse) — fixes","Bug","Sprint 24","","","Done","3","3","2026-07-17","c320fd1","https://github.com/Simple-biz/simple-hris/commit/c320fd1","pass.mts @ca8721dc (2026-08-19)",""
"Task","HRIS-01a","Employee Onboarding & Offboarding Automation","[HRIS] clearOffboarded re-activation collision guard","Bug","Sprint 25","","","Done","2","2","","","","plan (Done at create); no date in the repo",""
"Task","HRIS-02a","Payroll Wizard","[HRIS] Paystub freshness: staged ⊕ final-pay snapshot merge + mark-paid reconcile","Bug","Sprint 25","","","Done","5","5","","","","plan (Done at create); no date in the repo",""
"Task","HRIS-02a","Payroll Wizard","[HRIS] MESA deduction integrity (no ₱100 for opt-outs + ledger-gap suppression at 7 sites)","Bug","Sprint 25","","","Done","3","3","","","","plan (Done at create); no date in the repo",""
"Task","HRIS-02a","Payroll Wizard","[HRIS] Payroll performance indexes + anti-lag pass","Chore","Sprint 20","","","Done","3","3","2026-05-20","9614bef","https://github.com/Simple-biz/simple-hris/commit/9614bef","pass.mts @ca8721dc (2026-08-19)",""
"Task","HRIS-02a","Payroll Wizard","[HRIS] USD⇄PHP conversion with cycle value-lock","Feature","Sprint 17","","","Done","3","3","2026-04-08","1a92511","https://github.com/Simple-biz/simple-hris/commit/1a92511","pass.mts @ca8721dc (2026-08-19)",""
"Task","HRIS-02b","PAB Calculator & Rate Management","[HRIS] PAB payout-week gate + neutral mid-period Additions pill","Feature","Sprint 24","","","Done","3","3","2026-07-17","c320fd1","https://github.com/Simple-biz/simple-hris/commit/c320fd1","pass.mts @ca8721dc (2026-08-19)",""
"Task","HRIS-02b","PAB Calculator & Rate Management","[HRIS] US holidays PAB forgiveness seed","Feature","Sprint 20","","","Done","2","2","","","","plan (Done at create); no date in the repo",""
"Task","HRIS-02b","PAB Calculator & Rate Management","[HRIS] Remove employee-facing PAB disputes (keep manager calendar + API)","Feature","Sprint 24","","","Done","2","2","2026-07-20","c0ef4fb","https://github.com/Simple-biz/simple-hris/commit/c0ef4fb","pass.mts @ca8721dc (2026-08-19)",""
"Task","HRIS-02b","PAB Calculator & Rate Management","[HRIS] HSL rate-history stale underpay — arrears remediation (≈₱1.06M, 121 under / 10 over)","Spike","Sprint 27","","High","Done","5","5","2026-08-21","c39fad3 210b9ad 273319a","https://github.com/Simple-biz/simple-hris/commit/273319a","pass.mts @bbf55811 (2026-08-21)",""
"Task","HRIS-02b","PAB Calculator & Rate Management","[HRIS] Rate change history + manager rate views","Feature","Sprint 20","","","Done","3","3","2026-05-15","7656e18 58587aa","https://github.com/Simple-biz/simple-hris/commit/58587aa","pass.mts @ca8721dc (2026-08-19)",""
"Task","HRIS-03a","Payment Dispatch","[HRIS] Mark Paid bank-details override (pencil mode + endpoint + notification)","Feature","Sprint 25","","","Done","5","5","","","","plan (Done at create); no date in the repo",""
"Task","HRIS-03a","Payment Dispatch","[HRIS] Processor filter cards redesign + real logos; focus-mode removed","Feature","Sprint 25","","","Done","3","3","","","","plan (Done at create); no date in the repo",""
"Task","HRIS-03a","Payment Dispatch","[HRIS] One-off Urgent payments (People → Pay → Urgent queue)","Feature","Sprint 25","","","Done","5","5","","","","plan (Done at create); no date in the repo",""
"Task","HRIS-03a","Payment Dispatch","[HRIS] Dispatch undo + Done queue","Feature","Sprint 21","","","Done","3","3","","","","plan (Done at create); no date in the repo",""
"Task","HRIS-03b","Paystub Dispatch","[HRIS] Employee paystub modal + Pay Stubs profile tab + PDF/XLSX export","Feature","Sprint 24","","","Done","5","5","","","","plan (Done at create); no date in the repo",""
"Task","HRIS-03b","Paystub Dispatch","[HRIS] Salary “Ready to View” + “Paid” notifications","Feature","Sprint 24","","","Done","3","3","","","","plan (Done at create); no date in the repo",""
"Task","HRIS-03c","Vendors & Orphanage Payments","[HRIS] Orphanage vendors + vendor invoices","Feature","Sprint 24","","","Done","5","5","","","","plan (Done at create); no date in the repo",""
"Task","HRIS-03c","Vendors & Orphanage Payments","[HRIS] Orphanage worker payments","Feature","Sprint 23","","","Done","3","3","","","","plan (Done at create); no date in the repo",""
"Task","HRIS-03c","Vendors & Orphanage Payments","[HRIS] Orphanage budget requests + accounting approval","Feature","Sprint 19","","","Done","5","5","2026-05-09","f27d377 6af31d9","https://github.com/Simple-biz/simple-hris/commit/6af31d9","pass.mts @ca8721dc (2026-08-19)",""
"Task","HRIS-04","Employee Dispute / Issue System","[HRIS] Time-adjustment segments: require missed time-in/out (additive)","Feature","Sprint 24","","","Done","3","3","2026-07-17","c320fd1","https://github.com/Simple-biz/simple-hris/commit/c320fd1","pass.mts @ca8721dc (2026-08-19)",""
"Task","HRIS-05","RBAC, Security & Access Control","[HRIS] Per-tab edit permission enforced on all write APIs (block view-only writes)","Feature","Sprint 22","","","Done","5","5","2026-06-11","20c8024","https://github.com/Simple-biz/simple-hris/commit/20c8024","pass.mts @ca8721dc (2026-08-19)",""
"Task","HRIS-05","RBAC, Security & Access Control","[HRIS] Dashboard-only roles + per-tab ABAC + auto-provision on assign","Feature","Sprint 19","","","Done","5","5","2026-04-30","3fc0dc6 ea44b8c","https://github.com/Simple-biz/simple-hris/commit/ea44b8c","pass.mts @ca8721dc (2026-08-19)",""
"Task","HRIS-05","RBAC, Security & Access Control","[HRIS] Session invalidation watcher + force logout + live reset","Feature","Sprint 22","","","Done","3","3","","","","plan (Done at create); no date in the repo",""
"Task","HRIS-05","RBAC, Security & Access Control","[HRIS] Tickets gated by dedicated role (+ cleanup migration)","Feature","Sprint 24","","","Done","2","2","","","","plan (Done at create); no date in the repo",""
"Task","HRIS-06","KPI Calculator & Payment Catalog","[HRIS] Payment-catalog pay structures + PDF/CSV reports","Feature","Sprint 22","","","Done","5","5","","","","plan (Done at create); no date in the repo",""
"Task","HRIS-06","KPI Calculator & Payment Catalog","[HRIS] Employee KPI results view","Feature","Sprint 22","","","Done","3","3","2026-06-16","c6dc7d3","https://github.com/Simple-biz/simple-hris/commit/c6dc7d3","pass.mts @ca8721dc (2026-08-19)",""
"Task","HRIS-06","KPI Calculator & Payment Catalog","[HRIS] Medical Records: RFC as manual ₱ amount (not ×250)","Feature","Sprint 24","","","Done","2","2","","","","plan (Done at create); no date in the repo",""
"Task","HRIS-06","KPI Calculator & Payment Catalog","[HRIS] Bonus Catalog CRUD + formula engine — split of legacy 8-pt item","Feature","Sprint 22","","","Done","5","5","2026-06-11","783fecf","https://github.com/Simple-biz/simple-hris/commit/783fecf","pass.mts @ca8721dc (2026-08-19)",""
"Task","HRIS-06","KPI Calculator & Payment Catalog","[HRIS] Applied-bonus tracking + cadence + manager history — split","Feature","Sprint 24","","","Done","3","3","2026-07-07","04541bc","https://github.com/Simple-biz/simple-hris/commit/04541bc","pass.mts @ca8721dc (2026-08-19)",""
"Task","HRIS-07","MESA Integration","[HRIS] MESA ledger DDL + backfill + membership preload","Feature","Sprint 24","","","Done","5","5","","","","plan (Done at create); no date in the repo",""
"Task","HRIS-07","MESA Integration","[HRIS] MESA per-stint accounts (YY-MM-##### numbering)","Feature","Sprint 24","","","Done","3","3","","","","plan (Done at create); no date in the repo",""
"Task","HRIS-07","MESA Integration","[HRIS] MESA notes + Non Members Opt In/Out bridge","Feature","Sprint 24","","","Done","3","3","","","","plan (Done at create); no date in the repo",""
"Task","HRIS-07","MESA Integration","[HRIS] Weekly 100+300 ledger deposits on upload + opt-in date derivation","Feature","Sprint 24","","","Done","3","3","2026-07-20","4be8cab","https://github.com/Simple-biz/simple-hris/commit/4be8cab","pass.mts @ca8721dc (2026-08-19)",""
"Task","HRIS-09","Employee Self-Service Portal","[HRIS] Skill sets + Employee Team roster","Feature","Sprint 21","","","Done","5","5","","","","plan (Done at create); no date in the repo",""
"Task","HRIS-09","Employee Self-Service Portal","[HRIS] FPU enrollment flow","Feature","Sprint 20","","","Done","3","3","","","","plan (Done at create); no date in the repo",""
"Task","HRIS-09","Employee Self-Service Portal","[HRIS] Medals & commendations","Feature","Sprint 20","","","Done","3","3","","","","plan (Done at create); no date in the repo",""
"Task","HRIS-09","Employee Self-Service Portal","[HRIS] Profile name-parts editor (First/Middle/Last/Ext/Nickname)","Feature","Sprint 24","","","Done","3","3","2026-07-20","602b004","https://github.com/Simple-biz/simple-hris/commit/602b004","pass.mts @ca8721dc (2026-08-19)",""
"Task","HRIS-09","Employee Self-Service Portal","[HRIS] Profile completion card + payout fields","Feature","Sprint 20","","","Done","3","3","","","","plan (Done at create); no date in the repo",""
"Task","HRIS-12","HR Operations Suite","[HRIS] HR + Admin Global Master List editors (incl. People-tab GML edit)","Feature","Sprint 24","","","Done","5","5","","","","plan (Done at create); no date in the repo",""
"Task","HRIS-13","Real-time Collaboration & Presence","[HRIS] Cobrowse chat window + providers","Feature","Sprint 24","","","Done","5","5","","","","plan (Done at create); no date in the repo",""
"Task","HRIS-13","Real-time Collaboration & Presence","[HRIS] Observe-mode mirror: driver-opened modals invisible — rrweb style-rules fix","Bug","Sprint 25","","","Done","3","3","","","","plan (Done at create); no date in the repo",""
"Task","HRIS-13","Real-time Collaboration & Presence","[HRIS] Presence heartbeat + last-seen","Feature","Sprint 24","","","Done","3","3","2026-07-10","04541bc 164732e","https://github.com/Simple-biz/simple-hris/commit/164732e","pass.mts @ca8721dc (2026-08-19)",""
"Task","HRIS-13","Real-time Collaboration & Presence","[HRIS] HR collab layer (shared cursors on checklist)","Feature","Sprint 23","","","Done","3","3","","","","plan (Done at create); no date in the repo",""
"Task","HRIS-14","Integrations (Google Sheets / Workspace / Hubstaff)","[HRIS] Google Sheet sync crons (master / rates / HSL / offboarded) — split of legacy Csv Imports","Integration","Sprint 30","","","Done","5","5","2026-10-02","d96e77d 28cb65d","https://github.com/Simple-biz/simple-hris/commit/28cb65d","pass.mts @76296bad (2026-10-02)",""
"Task","HRIS-14","Integrations (Google Sheets / Workspace / Hubstaff)","[HRIS] CSV imports admin tab — split of legacy Csv Imports","Feature","Sprint 19","","","Done","3","3","2026-05-07","2b8fa40","https://github.com/Simple-biz/simple-hris/commit/2b8fa40","pass.mts @ca8721dc (2026-08-19)",""
"Task","HRIS-14","Integrations (Google Sheets / Workspace / Hubstaff)","[HRIS] Master-list sync race + orphaned-upload guard","Bug","Sprint 24","","","Done","3","3","2026-07-18","74a4146 c0dc608","https://github.com/Simple-biz/simple-hris/commit/c0dc608","pass.mts @ca8721dc (2026-08-19)",""
"Task","HRIS-14","Integrations (Google Sheets / Workspace / Hubstaff)","[HRIS] Webhooks admin + bank-info-missing red-alarm notify email","Integration","Sprint 25","","","Done","2","2","","","","plan (Done at create); no date in the repo",""
"Task","HRIS-15","Platform, Admin & Observability","[HRIS] Dashboard-switch performance Tier 0 + PAB ?all_files=1 batch","Chore","Sprint 25","","","Done","5","5","","","","plan (Done at create); no date in the repo",""
"Task","HRIS-15","Platform, Admin & Observability","[HRIS] Collapsible sidebar shell redesign","Feature","Sprint 23","","","Done","3","3","2026-07-02","d842f85","https://github.com/Simple-biz/simple-hris/commit/d842f85","pass.mts @ca8721dc (2026-08-19)",""
"Task","HRIS-15","Platform, Admin & Observability","[HRIS] System diagnostics + API-500 hardening","Chore","Sprint 19","","","Done","3","3","","","","plan (Done at create); no date in the repo",""
"Task","HRIS-15","Platform, Admin & Observability","[HRIS] Mobile responsiveness pass (all dashboards)","Chore","Sprint 19","","","Done","5","5","2026-05-06","142473b f1a75ae 714d136 89aa317","https://github.com/Simple-biz/simple-hris/commit/89aa317","pass.mts @ca8721dc (2026-08-19)",""
"Task","HRIS-15","Platform, Admin & Observability","[HRIS] Admin search bar + pages registry","Feature","Sprint 22","","","Done","3","3","2026-06-17","69c2c18","https://github.com/Simple-biz/simple-hris/commit/69c2c18","pass.mts @ca8721dc (2026-08-19)",""
"Task","HRIS-15","Platform, Admin & Observability","[HRIS] Impersonation (view-as) banner + auth","Feature","Sprint 23","","","Done","3","3","","","","plan (Done at create); no date in the repo",""
"Task","HRIS-15","Platform, Admin & Observability","[HRIS] Run outstanding Supabase migrations + re-import n8n workflows (12+ pending SQL files)","Chore","Sprint 27","","Critical","Done","3","3","2026-08-20","799d6df5 422e455f 31b11050","https://github.com/Simple-biz/simple-hris/commit/31b11050","pass.mts @f18c8123 (2026-08-20)",""
"Task","HRIS-06","KPI Calculator & Payment Catalog","[HRIS] KPI scored notification fires on months-old weeks — floor it to the current period","Bug","Sprint 27","","High","Done","2","2","2026-08-21","31b11050 b831699d","https://github.com/Simple-biz/simple-hris/commit/b831699d","pass.mts @a07ca96b (2026-08-21)",""
"Task","HRIS-15","Platform, Admin & Observability","[HRIS] Notification insert failures are swallowed into console.warn — make them observable","Chore","Sprint 27","","High","Done","3","3","2026-08-21","31b11050 b831699d","https://github.com/Simple-biz/simple-hris/commit/b831699d","pass.mts @a07ca96b (2026-08-21)",""
"Task","HRIS-02b","PAB Calculator & Rate Management","[HRIS] PAB exclusions leave no audit trail while PAB disputes are fully audited","Feature","Sprint 27","","High","Done","2","2","2026-08-21","4afac832 b831699d","https://github.com/Simple-biz/simple-hris/commit/b831699d","pass.mts @a1bf2fa8 (2026-08-21)",""
"Task","HRIS-19","Bank Preferred Governance & WIRES Lock","[HRIS] Legacy rates-sheet cell can route null-preferred → hurupay: decision + guard","Spike","Sprint 30","","High","Ready to Start","2","","","917309d 1419a6b","https://github.com/Simple-biz/simple-hris/commit/1419a6b","pass.mts @ca8721dc (2026-08-19)",""
"Task","HRIS-24","New Hire Checklist & Hiring Analytics","[HRIS] Referred-by column + Referrals week section (email-tier matching)","Feature","Sprint 24","","","Done","3","3","","","","plan (Done at create); no date in the repo",""
"Task","HRIS-01a","Employee Onboarding & Offboarding Automation","[HRIS] Manager Suspend + Reactivation (temp-pause) riding the offboarding-deactivate flow","Feature","Sprint 26","","","Done","5","5","2026-08-05","68aa6a0 b929b3e","https://github.com/Simple-biz/simple-hris/commit/b929b3e","pass.mts @be595e94 (2026-08-14)",""
"Task","HRIS-02a","Payroll Wizard","[HRIS] Per-cycle FX zero placeholders — dispatch hard-blocked until both legs are set","Feature","Sprint 26","","","Done","5","5","2026-08-04","5bc3413 0b36d46 0dbc294","https://github.com/Simple-biz/simple-hris/commit/0dbc294","pass.mts @be595e94 (2026-08-14)",""
"Task","HRIS-02a","Payroll Wizard","[HRIS] Rate snapshots toggle on Dispatch — floating People/Catalog cards","Feature","Sprint 25","","","Done","2","2","2026-07-30","06b3fd7","https://github.com/Simple-biz/simple-hris/commit/06b3fd7","pass.mts @be595e94 (2026-08-14)",""
"Task","HRIS-02b","PAB Calculator & Rate Management","[HRIS] Mid-week rate-change proration on the statement — catalog-consistent history, both engines","Feature","Sprint 25","","","Done","5","5","2026-07-30","9a767a4 5b66a40","https://github.com/Simple-biz/simple-hris/commit/5b66a40","pass.mts @be595e94 (2026-08-14)",""
"Task","HRIS-02b","PAB Calculator & Rate Management","[HRIS] Rate-history effective_from snapped to the pay-week start","Bug","Sprint 26","","","Done","3","3","2026-08-04","c39fad3b","https://github.com/Simple-biz/simple-hris/commit/c39fad3b","pass.mts @818c9b34 (2026-08-20)",""
"Task","HRIS-02b","PAB Calculator & Rate Management","[HRIS] HSL OT-rate arrears audit + remediation — weekend premium sat in the OT column","Chore","Sprint 26","","","Done","5","5","2026-08-04","28a87fe b3ab13a","https://github.com/Simple-biz/simple-hris/commit/b3ab13a","pass.mts @be595e94 (2026-08-14)",""
"Task","HRIS-02b","PAB Calculator & Rate Management","[HRIS] PAB exclusion → employee notification (route + DDL + wizard toggle)","Feature","Sprint 25","","","Done","3","3","2026-08-03","38c6399 88b5d52 422e455 c41f1b3 3ce712f","https://github.com/Simple-biz/simple-hris/commit/3ce712f","pass.mts @be595e94 (2026-08-14)",""
"Task","HRIS-03a","Payment Dispatch","[HRIS] Sub-₱7k PHP wires reroute to Wise + Under ₱7k dispatch filter chip","Feature","Sprint 25","","","Done","3","3","2026-07-29","b77cb57 cf34d08 1ffa01f 57f07a5","https://github.com/Simple-biz/simple-hris/commit/57f07a5","pass.mts @be595e94 (2026-08-14)",""
"Task","HRIS-03a","Payment Dispatch","[HRIS] Urgent payments: week-long bucket (Pending/Paid/Not Paid) + Undo + n8n alert","Feature","Sprint 25","","","Done","5","5","2026-07-30","5c82064 b2ff805 3f4240b","https://github.com/Simple-biz/simple-hris/commit/3f4240b","pass.mts @be595e94 (2026-08-14)",""
"Task","HRIS-03a","Payment Dispatch","[HRIS] Colombian payees show/copy their native COP amount","Feature","Sprint 25","","","Done","3","3","2026-07-30","9f235c7","https://github.com/Simple-biz/simple-hris/commit/9f235c7","pass.mts @be595e94 (2026-08-14)",""
"Task","HRIS-03a","Payment Dispatch","[HRIS] Payment cycle 100% paid → completion email to Accounting","Integration","Sprint 25","","","Done","2","2","2026-07-30","836f68f","https://github.com/Simple-biz/simple-hris/commit/836f68f","pass.mts @be595e94 (2026-08-14)",""
"Task","HRIS-03a","Payment Dispatch","[HRIS] Staged-only dispatch placement guard","Bug","Sprint 25","","","Done","3","3","2026-07-29","87e0773","https://github.com/Simple-biz/simple-hris/commit/87e0773","pass.mts @be595e94 (2026-08-14)",""
"Task","HRIS-03b","Paystub Dispatch","[HRIS] HSL Weekend Hours itemized under Earnings + transfer-week day scoping","Feature","Sprint 25","","","Done","5","5","2026-07-30","3d820c3 9e17ac9","https://github.com/Simple-biz/simple-hris/commit/9e17ac9","pass.mts @be595e94 (2026-08-14)",""
"Task","HRIS-03b","Paystub Dispatch","[HRIS] Accounting-only dispatch log panel on the Pay Stub modal + Excluded/Paid Records rework","Feature","Sprint 25","","","Done","5","5","2026-07-31","f2d9c83 c39b9ab","https://github.com/Simple-biz/simple-hris/commit/c39b9ab","pass.mts @be595e94 (2026-08-14)",""
"Task","HRIS-03b","Paystub Dispatch","[HRIS] Tech bonus on recovered weeks + one paystub row per week","Bug","Sprint 25","","","Done","3","3","2026-07-31","aa6942c","https://github.com/Simple-biz/simple-hris/commit/aa6942c","pass.mts @be595e94 (2026-08-14)",""
"Task","HRIS-03b","Paystub Dispatch","[HRIS] Paystub rate-consistency guard — Payment Catalog is the source of truth","Bug","Sprint 25","","","Done","3","3","2026-07-29","87e0773","https://github.com/Simple-biz/simple-hris/commit/87e0773","pass.mts @be595e94 (2026-08-14)",""
"Task","HRIS-05","RBAC, Security & Access Control","[HRIS] security_invoker on active_employees blanked the wizard dept source — restore + verifier","Bug","Sprint 25","","","Done","3","3","2026-08-03","799d6df","https://github.com/Simple-biz/simple-hris/commit/799d6df","pass.mts @be595e94 (2026-08-14)",""
"Task","HRIS-05","RBAC, Security & Access Control","[HRIS] Roster bulk check hit an RLS-blocked view — direct GML read via /api/roster/gml-status","Bug","Sprint 25","","","Done","3","3","2026-08-03","799d6df","https://github.com/Simple-biz/simple-hris/commit/799d6df","pass.mts @be595e94 (2026-08-14)",""
"Task","HRIS-06","KPI Calculator & Payment Catalog","[HRIS] Payment Catalog Overview → Summary pay-mix dashboard","Feature","Sprint 25","","","Done","5","5","2026-07-30","fee8f00 9fd132c dd2fed5 e997c0e 8764d67","https://github.com/Simple-biz/simple-hris/commit/8764d67","pass.mts @be595e94 (2026-08-14)",""
"Task","HRIS-06","KPI Calculator & Payment Catalog","[HRIS] Payment Catalog Department cards + Search hero dock-to-top glide","Feature","Sprint 25","","","Done","2","2","2026-07-30","3e77bb1 773acf1","https://github.com/Simple-biz/simple-hris/commit/773acf1","pass.mts @be595e94 (2026-08-14)",""
"Task","HRIS-06","KPI Calculator & Payment Catalog","[HRIS] Shared master-list email merged two people's KPI bonuses","Bug","Sprint 25","","","Done","3","3","2026-07-30","5cd515c","https://github.com/Simple-biz/simple-hris/commit/5cd515c","pass.mts @be595e94 (2026-08-14)",""
"Task","HRIS-06","KPI Calculator & Payment Catalog","[HRIS] “Set rate” updates the existing pay structure instead of dying on a duplicate key","Bug","Sprint 26","","","Done","2","2","2026-08-04","d9f34ef","https://github.com/Simple-biz/simple-hris/commit/d9f34ef","pass.mts @be595e94 (2026-08-14)",""
"Task","HRIS-07","MESA Integration","[HRIS] MESA disbursement receipts — Receipt column, gallery, Approved/Paid from dispatch","Feature","Sprint 25","","","Done","3","3","2026-07-31","3a0be89 c6d6ea0 f23a2b6","https://github.com/Simple-biz/simple-hris/commit/f23a2b6","pass.mts @be595e94 (2026-08-14)",""
"Task","HRIS-08","Bonus Engine","[HRIS] Custom System Bonuses in COP/USD (PAB & Tech currency variants)","Feature","Sprint 25","","","Done","5","5","2026-07-30","c4663e8","https://github.com/Simple-biz/simple-hris/commit/c4663e8","pass.mts @be595e94 (2026-08-14)",""
"Task","HRIS-09","Employee Self-Service Portal","[HRIS] Employee Pay snapshot grid + one-page Pay Summary PDF","Feature","Sprint 25","","","Done","3","3","2026-08-03","0e18f47 4fd7e42 3176550 2807f52","https://github.com/Simple-biz/simple-hris/commit/2807f52","pass.mts @be595e94 (2026-08-14)",""
"Task","HRIS-10","Manager & My Team","[HRIS] My Team: MESA-style table + card parity with row actions","Feature","Sprint 26","","","Done","3","3","2026-08-05","c0ba7f9 b929b3e","https://github.com/Simple-biz/simple-hris/commit/b929b3e","pass.mts @be595e94 (2026-08-14)",""
"Task","HRIS-11","CEO / Executive Suite","[HRIS] Overview Total Payout hero counts the full pay run (payout extras)","Feature","Sprint 25","","","Done","3","3","2026-07-30","6907393 640e3af","https://github.com/Simple-biz/simple-hris/commit/640e3af","pass.mts @be595e94 (2026-08-14)",""
"Task","HRIS-13","Real-time Collaboration & Presence","[HRIS] Collab on/off as an admin system setting","Feature","Sprint 25","","","Done","3","3","2026-08-03","799d6df","https://github.com/Simple-biz/simple-hris/commit/799d6df","pass.mts @be595e94 (2026-08-14)",""
"Task","HRIS-13","Real-time Collaboration & Presence","[HRIS] Observe mirror portaled to the document body so the sidebar cannot overlap it","Bug","Sprint 25","","","Done","1","1","2026-07-30","3bb0efa","https://github.com/Simple-biz/simple-hris/commit/3bb0efa","pass.mts @be595e94 (2026-08-14)",""
"Task","HRIS-15","Platform, Admin & Observability","[HRIS] Page every roster/pay read past PostgREST's silent 1000-row cap","Bug","Sprint 25","","","Done","3","3","2026-07-30","2829a6d","https://github.com/Simple-biz/simple-hris/commit/2829a6d","pass.mts @be595e94 (2026-08-14)",""
"Task","HRIS-15","Platform, Admin & Observability","[HRIS] Webhooks admin: sample payloads for every configured slug","Feature","Sprint 25","","","Done","2","2","2026-08-03","799d6df","https://github.com/Simple-biz/simple-hris/commit/799d6df","pass.mts @be595e94 (2026-08-14)",""
"Task","HRIS-18","Documents Center & E-Signing","[HRIS] HRIS generates the Certificate of Engagement — no upload","Feature","Sprint 25","","","Done","5","5","2026-07-31","d9128c6 a129c93 8d297d0 9874e4c","https://github.com/Simple-biz/simple-hris/commit/9874e4c","pass.mts @be595e94 (2026-08-14)",""
"Task","HRIS-18","Documents Center & E-Signing","[HRIS] Employee document preview panel","Feature","Sprint 25","","","Done","3","3","2026-08-03","799d6df","https://github.com/Simple-biz/simple-hris/commit/799d6df","pass.mts @be595e94 (2026-08-14)",""
"Task","HRIS-20","Payroll Readiness Dashboard","[HRIS] Wizard Setup readiness checklist as its own first tab + week-scoped roster + step-1 CSV modal","Feature","Sprint 25","","","Done","5","5","2026-08-03","7a0ca42 f3c6999 6f76f5f","https://github.com/Simple-biz/simple-hris/commit/6f76f5f","pass.mts @be595e94 (2026-08-14)",""
"Task","HRIS-20","Payroll Readiness Dashboard","[HRIS] Bank Info per-week Temporary Exemption","Feature","Sprint 26","","","Done","3","3","2026-08-04","f45c1c2","https://github.com/Simple-biz/simple-hris/commit/f45c1c2","pass.mts @be595e94 (2026-08-14)",""
"Task","HRIS-20","Payroll Readiness Dashboard","[HRIS] Payroll Notes FAB readiness ring + Readiness leads the tab strip","Feature","Sprint 25","","","Done","3","3","2026-08-03","d9a0e33 547cd09 257ae10","https://github.com/Simple-biz/simple-hris/commit/257ae10","pass.mts @be595e94 (2026-08-14)",""
"Task","HRIS-21","Payroll Notes & Adjustments Bridge","[HRIS] Payroll Notes Offboarded tab — final-pay rate/bank for leavers","Feature","Sprint 26","","","Done","5","5","2026-08-04","32d498f 2e311a2 aac0a5c","https://github.com/Simple-biz/simple-hris/commit/aac0a5c","pass.mts @be595e94 (2026-08-14)",""
"Task","HRIS-21","Payroll Notes & Adjustments Bridge","[HRIS] Payroll Notes tab cache — board, readiness + rates no longer re-pulled","Chore","Sprint 25","","","Done","2","2","2026-08-03","44bc1bd","https://github.com/Simple-biz/simple-hris/commit/44bc1bd","pass.mts @be595e94 (2026-08-14)",""
"Task","HRIS-24","New Hire Checklist & Hiring Analytics","[HRIS] Checklist lock webhook sanitizes emails so one bad cell cannot strand the week","Bug","Sprint 25","","","Done","2","2","2026-07-31","f4a53e2","https://github.com/Simple-biz/simple-hris/commit/f4a53e2","pass.mts @be595e94 (2026-08-14)",""
"Task","HRIS-26","Department Transfers v2","[HRIS] HR Transfers tab shows the full transfer trail again","Bug","Sprint 25","","","Done","2","2","2026-07-30","19e504b","https://github.com/Simple-biz/simple-hris/commit/19e504b","pass.mts @be595e94 (2026-08-14)",""
"Task","HRIS-27","Contractor Portal & Invoicing","[HRIS] Contractor invoices period-scoped to the pay cycle; dispatch rows open the invoice","Feature","Sprint 25","","","Done","5","5","2026-07-31","9e5ae52 f2d9c83","https://github.com/Simple-biz/simple-hris/commit/f2d9c83","pass.mts @be595e94 (2026-08-14)",""
"Task","HRIS-28","CEO “Penny” AI Assistant & Live KPIs","[HRIS] Penny AI: full audit-log visibility (timeline, notes history, action catalogue)","Feature","Sprint 25","","","Done","3","3","2026-07-31","e5e2aec","https://github.com/Simple-biz/simple-hris/commit/e5e2aec","pass.mts @be595e94 (2026-08-14)",""
"Task","HRIS-30","HSL KPI 2026-07 Overhaul & Week-Model Cutover","[HRIS] Collections TL + Simple Texting removed from the HSL schema + DB purge","Feature","Sprint 26","","","Done","2","2","2026-08-04","243e3ee","https://github.com/Simple-biz/simple-hris/commit/243e3ee","pass.mts @be595e94 (2026-08-14)",""
"Task","HRIS-33","Pay Cycle Reports & Publication","[HRIS] Pay-cycle report snapshot model + publish/list/unpublish API","Feature","Sprint 25","","","Done","5","5","2026-07-31","81b0048 e907c3f a61f2f1","https://github.com/Simple-biz/simple-hris/commit/a61f2f1","pass.mts @be595e94 (2026-08-14)",""
"Task","HRIS-33","Pay Cycle Reports & Publication","[HRIS] Reports tab: list, detail view + CSV/XLSX/PDF export","Feature","Sprint 25","","","Done","5","5","2026-07-31","dd53af5 bb5f365 e87d768 e0f97ad","https://github.com/Simple-biz/simple-hris/commit/e0f97ad","pass.mts @be595e94 (2026-08-14)",""
"Task","HRIS-33","Pay Cycle Reports & Publication","[HRIS] Publish-gate + unpublish-audit hardening","Bug","Sprint 25","","","Done","3","3","2026-08-01","98fb88e f401e50 cda5fc5 c218725","https://github.com/Simple-biz/simple-hris/commit/c218725","pass.mts @be595e94 (2026-08-14)",""
"Task","HRIS-02a","Payroll Wizard","[HRIS] Wizard Validation step shows the full per-person calculation with red and amber flags","Feature","Sprint 26","","","Done","5","5","2026-08-07","4490333 5eb2e1a d39ff41 ba33b4b fac504e 4ab5714","https://github.com/Simple-biz/simple-hris/commit/4ab5714","pass.mts @be595e94 (2026-08-14)",""
"Task","HRIS-03a","Payment Dispatch","[HRIS] Close Pay Cycle from the Stop dialog — permanent close-out record naming who was left unpaid","Feature","Sprint 26","","","Done","5","5","2026-08-10","275619c","https://github.com/Simple-biz/simple-hris/commit/275619c","pass.mts @be595e94 (2026-08-14)",""
"Task","HRIS-08","Bonus Engine","[HRIS] Configurable Tech Bonus payout week (System Bonus modal, Sun–Sat) wired to every gate + KPI bonuses in the employee Estimated Take-Home","Feature","Sprint 26","","","Done","5","5","2026-08-10","2b0935e 9440650 b3e66e2 a0de67c","https://github.com/Simple-biz/simple-hris/commit/a0de67c","pass.mts @be595e94 (2026-08-14)",""
"Task","HRIS-02a","Payroll Wizard","[HRIS] Wizard week selector replays that week's own bonuses, monthly HSL period and readiness instead of today's","Bug","Sprint 26","","","Done","5","5","2026-08-10","54e91a1 c207482 7124ed6 a29c93c","https://github.com/Simple-biz/simple-hris/commit/a29c93c","pass.mts @be595e94 (2026-08-14)",""
"Task","HRIS-19","Bank Preferred Governance & WIRES Lock","[HRIS] Bank rail parity: People, wizard preview, Urgent cards and the bank-update form resolve the rail Payment Dispatch actually pays on; USD bucket retired","Bug","Sprint 26","","","Done","5","5","2026-08-10","265eb64 684b305 b13530d a7ecd4c","https://github.com/Simple-biz/simple-hris/commit/a7ecd4c","pass.mts @be595e94 (2026-08-14)",""
"Task","HRIS-05","RBAC, Security & Access Control","[HRIS] Disbursement report, contractor and app-settings API routes gated by matching role — 2026-08-10 SECURITY_AUDIT re-verify","Bug","Sprint 26","","","Done","5","5","2026-08-10","a7ecd4c","https://github.com/Simple-biz/simple-hris/commit/a7ecd4c","pass.mts @be595e94 (2026-08-14)",""
"Task","HRIS-06","KPI Calculator & Payment Catalog","[HRIS] Eleven departments permanently retired from the KPI Calculator + Callback accepts external members","Feature","Sprint 26","","","Done","3","3","2026-08-10","1a133ca 7d14e04","https://github.com/Simple-biz/simple-hris/commit/7d14e04","pass.mts @be595e94 (2026-08-14)",""
"Task","HRIS-02b","PAB Calculator & Rate Management","[HRIS] HSL pay = the Hogan sheet column AN verbatim — hogan-week-pay becomes the single rate authority, reversing the 2026-08-07 weekend-OT removal","Feature","Sprint 26","","","Done","8","8","2026-08-12","5eb398a e0028b8","https://github.com/Simple-biz/simple-hris/commit/e0028b8","pass.mts @be595e94 (2026-08-14)",""
"Task","HRIS-03b","Paystub Dispatch","[HRIS] One merged Weekend Hours line + dated rate-change disclosure on statement, email and export","Feature","Sprint 26","","","Done","5","5","2026-08-12","0a731ed c97d0b5","https://github.com/Simple-biz/simple-hris/commit/c97d0b5","pass.mts @be595e94 (2026-08-14)",""
"Task","HRIS-03b","Paystub Dispatch","[HRIS] Paystub email HTML rendered in-app (n8n Gmail becomes a pipe) + System Bonus snapshot columns on payment_dispatches","Feature","Sprint 26","","","Done","8","8","2026-08-12","02dc5aa","https://github.com/Simple-biz/simple-hris/commit/02dc5aa","pass.mts @be595e94 (2026-08-14)",""
"Task","HRIS-01a","Employee Onboarding & Offboarding Automation","[HRIS] Offboarding is delete-only: suspend is its own path, suspended-person offboards escalate to delete, and leavers get a correct final check","Feature","Sprint 27","","","Done","8","8","2026-08-21","3502e93 d259040 8497699","https://github.com/Simple-biz/simple-hris/commit/8497699","pass.mts @bbf55811 (2026-08-21)",""
"Task","HRIS-06","KPI Calculator & Payment Catalog","[HRIS] One HSL department + required sub-department that sets the base rate, wired through the Payment Catalog","Feature","Sprint 27","","","Done","8","8","2026-08-21","5cb9bc6 f14f5b3 da24ffb 4a15db2","https://github.com/Simple-biz/simple-hris/commit/4a15db2","pass.mts @bbf55811 (2026-08-21)",""
"Task","HRIS-01a","Employee Onboarding & Offboarding Automation","[HRIS] Onboarding paperwork: Middle name box + one-time first/last name-order check","Bug","Sprint 26","","","Done","3","3","2026-08-12","9b9fd40 3d74e09","https://github.com/Simple-biz/simple-hris/commit/3d74e09","pass.mts @be595e94 (2026-08-14)",""
"Task","HRIS-03a","Payment Dispatch","[HRIS] Payment Dispatch prices every row from the Payroll Wizard — one shared snapshot-or-lock precedence — and syncs live across open screens","Bug","Sprint 26","","","Done","5","5","2026-08-11","5950b2e","https://github.com/Simple-biz/simple-hris/commit/5950b2e","pass.mts @be595e94 (2026-08-14)",""
"Task","HRIS-18","Documents Center & E-Signing","[HRIS] Documents queue rebuilt on the MESA anatomy — KPI cards, full-width table and a View modal that renders the signed copy inline","Feature","Sprint 26","","","Done","3","3","2026-08-12","6b8921f","https://github.com/Simple-biz/simple-hris/commit/6b8921f","pass.mts @be595e94 (2026-08-14)",""
"Task","HRIS-03b","Paystub Dispatch","[HRIS] Import paystub-dispatch.workflow.json into live n8n so emailed statements match the app","n8n Workflow","Sprint 26","","High","Done","2","2","2026-08-12","02dc5aa 0a731ed c97d0b5 e0028b8","https://github.com/Simple-biz/simple-hris/commit/e0028b8","pass.mts @be595e94 (2026-08-14)",""
"Task","HRIS-09","Employee Self-Service Portal","[HRIS] Employee payroll-processing bar sweeps one direction, driven by CSS","Bug","Sprint 26","","","Done","1","1","2026-08-13","2086cd06 8c78f91c","https://github.com/Simple-biz/simple-hris/commit/8c78f91c","pass.mts @818c9b34 (2026-08-20)",""
"Task","HRIS-30","HSL KPI 2026-07 Overhaul & Week-Model Cutover","[HRIS] HSL Lead Nurture sub-team retired — Simple Texting is the only placement-only team","Chore","Sprint 26","","","Done","2","2","2026-08-13","6835f4b2 b05a4301","https://github.com/Simple-biz/simple-hris/commit/b05a4301","pass.mts @818c9b34 (2026-08-20)",""
"Task","HRIS-30","HSL KPI 2026-07 Overhaul & Week-Model Cutover","[HRIS] HSL sub-departments bulk-assigned from the KPI Role column (482 people) plus the EGS, Mail Sorting and Executive Assistants rosters","Chore","Sprint 26","","","Done","5","5","2026-08-14","0f2bbd9e 5cb9bc6e e3da4a17 6e2d255e","https://github.com/Simple-biz/simple-hris/commit/6e2d255e","pass.mts @818c9b34 (2026-08-20)",""
"Task","HRIS-09","Employee Self-Service Portal","[HRIS] Employee department directory with SP rankings and per-team policies","Feature","Sprint 26","","","Done","5","5","2026-08-14","473f86d4","https://github.com/Simple-biz/simple-hris/commit/473f86d4","pass.mts @818c9b34 (2026-08-20)",""
"Task","HRIS-03a","Payment Dispatch","[HRIS] Reopen a closed pay cycle, and fire the completion confetti on a clean close","Feature","Sprint 26","","","Done","5","5","2026-08-14","1ac87fa6 c35d6da8 3a50322f","https://github.com/Simple-biz/simple-hris/commit/3a50322f","pass.mts @818c9b34 (2026-08-20)",""
"Task","HRIS-02a","Payroll Wizard","[HRIS] Payroll Wizard Processing Tutorial Mode — chat-head guide, Sun–Sat processing narrative and rings on the real controls","Feature","Sprint 26","","","Done","8","8","2026-08-17","afc5128f 97668362 17339b8a 97c3d235 012e619a","https://github.com/Simple-biz/simple-hris/commit/012e619a","pass.mts @818c9b34 (2026-08-20)",""
"Task","HRIS-06","KPI Calculator & Payment Catalog","[HRIS] KPI Calculator scoring autosaves — the Save button is gone","Feature","Sprint 26","","","Done","5","5","2026-08-17","de28167b","https://github.com/Simple-biz/simple-hris/commit/de28167b","pass.mts @818c9b34 (2026-08-20)",""
"Task","HRIS-08","Bonus Engine","[HRIS] Tech Bonus week picker becomes a calendar behind a Change week toggle, and the picked week fires that week everywhere","Feature","Sprint 26","","","Done","3","3","2026-08-17","08e7fcba ff772591 836e3d7c 8f92a283","https://github.com/Simple-biz/simple-hris/commit/8f92a283","pass.mts @818c9b34 (2026-08-20)",""
"Task","HRIS-02a","Payroll Wizard","[HRIS] Wizard step-2 conversion rates become cards with flag pairs; Additions declutter behind info icons","Feature","Sprint 26","","","Done","3","3","2026-08-17","04142ef7 bbae3b19 ca4cf533","https://github.com/Simple-biz/simple-hris/commit/ca4cf533","pass.mts @818c9b34 (2026-08-20)",""
"Task","HRIS-15","Platform, Admin & Observability","[HRIS] Notification chimes are view-scoped so HR no longer hears money","Bug","Sprint 26","","","Done","3","3","2026-08-17","4e8309af","https://github.com/Simple-biz/simple-hris/commit/4e8309af","pass.mts @818c9b34 (2026-08-20)",""
"Task","HRIS-03b","Paystub Dispatch","[HRIS] Salary “Ready to View” card discloses that bonuses are not in yet","Feature","Sprint 26","","","Done","1","1","2026-08-17","6c494769","https://github.com/Simple-biz/simple-hris/commit/6c494769","pass.mts @818c9b34 (2026-08-20)",""
"Task","HRIS-06","KPI Calculator & Payment Catalog","[HRIS] kpi.scored employee notification — toast plus live update the moment a dept-week is scored","Feature","Sprint 26","","High","Done","5","5","2026-08-17","31b11050","https://github.com/Simple-biz/simple-hris/commit/31b11050","pass.mts @baa43bda (2026-08-26)",""
"Task","HRIS-02b","PAB Calculator & Rate Management","[HRIS] Mid-week rate-change effective dates are real — snap-to-Sunday removed, changed weeks price 2dp legs, HSL transition OT counts every hour","Bug","Sprint 27","","High","Done","8","8","2026-08-18","273319a7","https://github.com/Simple-biz/simple-hris/commit/273319a7","pass.mts @818c9b34 (2026-08-20)",""
"Task","HRIS-20","Payroll Readiness Dashboard","[HRIS] Payroll Readiness recent-changes activity feed, and KPI rows show who submitted and when","Feature","Sprint 27","","","Done","3","3","2026-08-18","a44098be","https://github.com/Simple-biz/simple-hris/commit/a44098be","pass.mts @818c9b34 (2026-08-20)",""
"Task","HRIS-21","Payroll Notes & Adjustments Bridge","[HRIS] Payroll Notes Offboarded pane cached and live with filters, a per-pane data-pull stamp and a Realtime signal dot","Feature","Sprint 27","","","Done","3","3","2026-08-18","ce4e5e22 ce4ead97","https://github.com/Simple-biz/simple-hris/commit/ce4ead97","pass.mts @818c9b34 (2026-08-20)",""
"Task","HRIS-02a","Payroll Wizard","[HRIS] Wizard Reports and Overview CSV itemize bonuses and adjustments end-to-end","Feature","Sprint 27","","","Done","3","3","2026-08-18","89c7aa5c","https://github.com/Simple-biz/simple-hris/commit/89c7aa5c","pass.mts @818c9b34 (2026-08-20)",""
"Task","HRIS-08","Bonus Engine","[HRIS] Overview Tech Eligible badge uses the wizard’s own 30-day pay gate","Bug","Sprint 27","","","Done","2","2","2026-08-18","42137521 c4f160b5","https://github.com/Simple-biz/simple-hris/commit/c4f160b5","pass.mts @818c9b34 (2026-08-20)",""
"Task","HRIS-03c","Vendors & Orphanage Payments","[HRIS] Orphanage OT prices at the full 1.5× rate, never the 0.5× differential","Bug","Sprint 27","","High","Done","2","2","2026-08-18","41a21ae1","https://github.com/Simple-biz/simple-hris/commit/41a21ae1","pass.mts @818c9b34 (2026-08-20)",""
"Task","HRIS-09","Employee Self-Service Portal","[HRIS] Employee Penny AI on the Overview — Haiku, self-only tools, 10 prompts per Manila day, with guides and rendered Markdown","Feature","Sprint 27","","High","Done","8","8","2026-08-20","70f96781 1aa281ab 39fe7255 a2ae19b0","https://github.com/Simple-biz/simple-hris/commit/a2ae19b0","pass.mts @bbf55811 (2026-08-21)",""
"Task","HRIS-04","Employee Dispute / Issue System","[HRIS] Time adjustments need two sign-offs — the manager names a second approver per request","Feature","Sprint 27","","High","Done","5","5","2026-08-20","eff111db a2ae19b0","https://github.com/Simple-biz/simple-hris/commit/a2ae19b0","pass.mts @bbf55811 (2026-08-21)",""
"Task","HRIS-19","Bank Preferred Governance & WIRES Lock","[HRIS] People → Bank changes band: send-from and payable-per-rail cards, per-rail counts, dept filter, no bank names","Feature","Sprint 27","","","Done","5","5","2026-08-19","2c4df1fc bac166f1 633104d2","https://github.com/Simple-biz/simple-hris/commit/633104d2","pass.mts @818c9b34 (2026-08-20)",""
"Task","HRIS-32","Gifts & Milestones Tracker","[HRIS] Gift Tracker tenure-gift roster export (CSV/XLSX/PDF) at master-list grain","Feature","Sprint 27","","","Done","5","5","2026-08-19","0d1d3960","https://github.com/Simple-biz/simple-hris/commit/0d1d3960","pass.mts @818c9b34 (2026-08-20)",""
"Task","HRIS-30","HSL KPI 2026-07 Overhaul & Week-Model Cutover","[HRIS] HSL KPI roster merged with the Global Master List — a placement alone reaches the Wizard rail","Feature","Sprint 27","","","Done","5","5","2026-08-19","91056fa5 54d8a197 01c97f6d 4a15db2c","https://github.com/Simple-biz/simple-hris/commit/4a15db2c","pass.mts @818c9b34 (2026-08-20)",""
"Task","HRIS-15","Platform, Admin & Observability","[HRIS] p-0 dialogs get a dvh height cap so a modal footer can never go unreachable","Bug","Sprint 27","","","Done","2","2","2026-08-19","531613f9","https://github.com/Simple-biz/simple-hris/commit/531613f9","pass.mts @818c9b34 (2026-08-20)",""
"Task","HRIS-06","KPI Calculator & Payment Catalog","[HRIS] Payment Catalog Bonus Library cards get an Edit button","Feature","Sprint 27","","","Done","1","1","2026-08-19","94531923","https://github.com/Simple-biz/simple-hris/commit/94531923","pass.mts @818c9b34 (2026-08-20)",""
"Task","HRIS-15","Platform, Admin & Observability","[HRIS] audit-pending-migrations reports a MISSING table as APPLIED — head:true returns no error","Bug","Sprint 27","","Critical","Done","3","3","2026-08-26","854a78b8","https://github.com/Simple-biz/simple-hris/commit/854a78b8","pass.mts @baa43bda (2026-08-26)",""
"Task","HRIS-02b","PAB Calculator & Rate Management","[HRIS] Lawang rate shadow: hours ride lawangc@ on a stale 175 employee-scope override","Bug","Backlog","","High","Done","3","3","2026-08-18","4447e404","https://github.com/Simple-biz/simple-hris/commit/4447e404","pass.mts @bae33a15 (2026-09-12)",""
"Task","HRIS-02b","PAB Calculator & Rate Management","[HRIS] Five employees still hold a rate override keyed to the retired bare hsl department","Bug","Backlog","","High","Ready to Start","2","","","da24ffb6 4a15db2c","https://github.com/Simple-biz/simple-hris/commit/4a15db2c","pass.mts @818c9b34 (2026-08-20)",""
"Task","HRIS-09","Employee Self-Service Portal","[HRIS] Penny greets employees on the Overview — five rotating chips from a larger pool","Feature","Sprint 27","","High","Done","3","3","2026-08-21","e8ef4ff2 efec41aa b1b893d0 f4abd38c ea348fda 7d7688cc","https://github.com/Simple-biz/simple-hris/commit/7d7688cc","pass.mts @bbf55811 (2026-08-21)",""
"Task","HRIS-09","Employee Self-Service Portal","[HRIS] Penny told employees their already-paid weeks were still pending","Bug","Sprint 27","","High","Done","2","2","2026-08-21","9d40a096","https://github.com/Simple-biz/simple-hris/commit/9d40a096","pass.mts @bbf55811 (2026-08-21)",""
"Task","HRIS-15","Platform, Admin & Observability","[HRIS] Board-sync approval binds the sprint moves and the working tree, not just the proposal file","Chore","Sprint 27","","","Done","3","3","2026-08-20","7fd64a13 ca8721dc","https://github.com/Simple-biz/simple-hris/commit/ca8721dc","pass.mts @cd514047 (2026-08-21)",""
"Task","HRIS-15","Platform, Admin & Observability","[HRIS] Feature docs back-filled — ten sessions of gaps closed across twelve documents","Chore","Sprint 27","","","Done","2","2","2026-08-19","1504cc58 0d47dbb0","https://github.com/Simple-biz/simple-hris/commit/0d47dbb0","pass.mts @cd514047 (2026-08-21)",""
"Task","HRIS-09","Employee Self-Service Portal","[HRIS] Employee Penny chat bubble rides every tab, not just the Overview","Feature","Sprint 27","","","Done","2","2","","a21a51b6","https://github.com/Simple-biz/simple-hris/commit/a21a51b6","pass.mts @bbf55811 (2026-08-21); no Done date recorded in the repo",""
"Task","HRIS-01a","Employee Onboarding & Offboarding Automation","[HRIS] Deletion-cron pre-flight: 77 queued deletions measured, 22 colliding with current staff","Spike","Sprint 27","","","Done","2","2","2026-08-20","f0eadd18","https://github.com/Simple-biz/simple-hris/commit/f0eadd18","pass.mts @bbf55811 (2026-08-21)",""
"Task","HRIS-01a","Employee Onboarding & Offboarding Automation","[HRIS] Deletion cron never re-checks the live roster, so 22 current employees are still queued for deletion","Bug","Sprint 30","","Critical","Done","3","3","2026-10-01","a2e091f3 5025844b","https://github.com/Simple-biz/simple-hris/commit/5025844b","pass.mts @76296bad (2026-10-02)",""
"Task","HRIS-15","Platform, Admin & Observability","[HRIS] Migration applies never ran: an unencoded @ in DATABASE_URL silently truncated the host","Bug","Sprint 27","","","Done","2","2","2026-08-20","52fe1005 a2ae19b0","https://github.com/Simple-biz/simple-hris/commit/a2ae19b0","pass.mts @bbf55811 (2026-08-21)",""
"Task","HRIS-15","Platform, Admin & Observability","[HRIS] Board-sync logged the undocumented week and corrected the skill’s stale drift entries","Chore","Sprint 27","","","Done","3","3","2026-08-20","4c77989b f18c8123 f51b4cd5 818c9b34 ead5cc7f","https://github.com/Simple-biz/simple-hris/commit/ead5cc7f","pass.mts @bbf55811 (2026-08-21)",""
"Task","HRIS-15","Platform, Admin & Observability","[HRIS] Audit writes fail silently: insertAuditLog’s error is discarded at 197 of 201 call sites","Bug","Sprint 28","","High","Done","3","3","2026-09-09","ddf4c790","https://github.com/Simple-biz/simple-hris/commit/ddf4c790","pass.mts @bae33a15 (2026-09-12)",""
"Task","HRIS-17","Tickets & Support Board (Kanban)","[HRIS] Tickets board notifies the requester on every update — comment emails and status-move emails","Feature","Sprint 30","","","Pending Deploy","5","","","24be42cf 90fb23fa","https://github.com/Simple-biz/simple-hris/commit/90fb23fa","pass.mts @1d3d1d07 (2026-09-23)",""
"Task","HRIS-14","Integrations (Google Sheets / Workspace / Hubstaff)","[HRIS] Hubstaff exempt-department list broke on a rename, reporting 33 untracked freelancers as unexplained gaps","Bug","Sprint 27","","High","Done","2","2","2026-08-21","7b7e9123","https://github.com/Simple-biz/simple-hris/commit/7b7e9123","pass.mts @baa43bda (2026-08-26)",""
"Task","HRIS-20","Payroll Readiness Dashboard","[HRIS] Accounting is told who logged no Hubstaff hours — one shared no-hours rule, a Readiness tab and an ingest notification","Feature","Sprint 27","","","Done","5","5","2026-08-21","7b7e9123 b76a8e4b","https://github.com/Simple-biz/simple-hris/commit/b76a8e4b","pass.mts @baa43bda (2026-08-26)",""
"Task","HRIS-06","KPI Calculator & Payment Catalog","[HRIS] Pay Structure shows a department’s members, with the HSL sub-teams nested under a retractable parent","Feature","Sprint 27","","","Done","5","5","2026-08-21","24d6d0a1 6cb643b2 47e84590","https://github.com/Simple-biz/simple-hris/commit/47e84590","pass.mts @baa43bda (2026-08-26)",""
"Task","HRIS-06","KPI Calculator & Payment Catalog","[HRIS] Offboarded people drop off the Payment Catalog, behind four guards that all fail toward keeping them","Feature","Sprint 27","","","Done","5","5","2026-08-21","1937731f","https://github.com/Simple-biz/simple-hris/commit/1937731f","pass.mts @baa43bda (2026-08-26)",""
"Task","HRIS-02a","Payroll Wizard","[HRIS] Payroll Wizard manual validation — a named human vouches for one person’s pay, and Mark Paid shows it","Feature","Sprint 27","","","Done","5","5","2026-08-21","56390cb9 de0fa485","https://github.com/Simple-biz/simple-hris/commit/de0fa485","pass.mts @baa43bda (2026-08-26)",""
"Task","HRIS-03c","Vendors & Orphanage Payments","[HRIS] Orphanage OT pricing extracted and tested, with below-regular OT refused outright","Bug","Sprint 27","","High","Done","3","3","2026-08-21","ae947bbc","https://github.com/Simple-biz/simple-hris/commit/ae947bbc","pass.mts @baa43bda (2026-08-26)",""
"Task","HRIS-03a","Payment Dispatch","[HRIS] Hurupay is renamed Kolan everywhere a human reads it, with the stored value left untouched","Chore","Sprint 27","","Medium","Done","3","3","2026-08-24","2951167a","https://github.com/Simple-biz/simple-hris/commit/2951167a","pass.mts @6768db36 (2026-08-25)",""
"Task","HRIS-19","Bank Preferred Governance & WIRES Lock","[HRIS] Kolan and HiGlobe are assignable when a person is unrouted, and picking one sets the Disbursement rail","Feature","Sprint 27","","High","Done","5","5","2026-08-24","59dc91af","https://github.com/Simple-biz/simple-hris/commit/59dc91af","pass.mts @6768db36 (2026-08-25)",""
"Task","HRIS-11","CEO / Executive Suite","[HRIS] Overview Expanded roster table leads with the person, with shared sort and page size","Feature","Sprint 27","","Medium","Done","3","3","2026-08-24","38670c4c 0764c802 565229ae ac23232c","https://github.com/Simple-biz/simple-hris/commit/ac23232c","pass.mts @6768db36 (2026-08-25)",""
"Task","HRIS-30","HSL KPI 2026-07 Overhaul & Week-Model Cutover","[HRIS] Raw hsl: department keys stop reaching human-readable screens — formatDeptLabel applied app-wide","Bug","Sprint 27","","Medium","Done","3","3","2026-08-24","bc5a9296","https://github.com/Simple-biz/simple-hris/commit/bc5a9296","pass.mts @6768db36 (2026-08-25)",""
"Task","HRIS-23","People Directory & Pay Governance","[HRIS] People roster export carries the masked account last 4 and the date the bank last changed","Feature","Sprint 27","","High","Done","3","3","2026-08-24","edf0aa10","https://github.com/Simple-biz/simple-hris/commit/edf0aa10","pass.mts @6768db36 (2026-08-25)",""
"Task","HRIS-24","New Hire Checklist & Hiring Analytics","[HRIS] Only Lead Gen hires get the orientation email — gated in the sender, failing closed on a blank department","Bug","Sprint 27","","High","Done","3","3","2026-08-24","d79c1a64","https://github.com/Simple-biz/simple-hris/commit/d79c1a64","pass.mts @6768db36 (2026-08-25)",""
"Task","HRIS-06","KPI Calculator & Payment Catalog","[HRIS] An unresolvable payroll week stops being a forever-loading KPI Calculator screen","Bug","Sprint 27","","High","Done","3","3","2026-08-24","8cd16525","https://github.com/Simple-biz/simple-hris/commit/8cd16525","pass.mts @6768db36 (2026-08-25)",""
"Task","HRIS-30","HSL KPI 2026-07 Overhaul & Week-Model Cutover","[HRIS] Attestation pays Referral Leads and SSA.Gov on top of the case tier","Feature","Sprint 27","","High","Done","2","2","2026-08-24","681662f7","https://github.com/Simple-biz/simple-hris/commit/681662f7","pass.mts @6768db36 (2026-08-25)",""
"Task","HRIS-10","Manager & My Team","[HRIS] Orientation gets its own tab on My Team — weekly attendance tally, drill-down and PDF export","Feature","Sprint 27","","Medium","Done","5","5","2026-08-24","06f7f669 d08a9948 d24b49a8","https://github.com/Simple-biz/simple-hris/commit/d24b49a8","pass.mts @6768db36 (2026-08-25)",""
"Task","HRIS-02a","Payroll Wizard","[HRIS] Payroll Wizard step rail shows a predicted load bar that never reaches 100% on prediction alone","Feature","Sprint 27","","Low","Done","2","2","2026-08-24","7b9fe312","https://github.com/Simple-biz/simple-hris/commit/7b9fe312","pass.mts @6768db36 (2026-08-25)",""
"Task","HRIS-03b","Paystub Dispatch","[HRIS] A mid-week department transfer says so under the Department line on every paystub surface","Feature","Sprint 27","","High","Done","5","5","2026-08-25","47386073","https://github.com/Simple-biz/simple-hris/commit/47386073","pass.mts @6768db36 (2026-08-25)",""
"Task","HRIS-26","Department Transfers v2","[HRIS] sheet_synced was a false success — the sheet write is always attempted and reports three outcomes","Bug","Sprint 27","","High","Done","3","3","2026-08-25","667dfe9d","https://github.com/Simple-biz/simple-hris/commit/667dfe9d","pass.mts @6768db36 (2026-08-25)",""
"Task","HRIS-03a","Payment Dispatch","[HRIS] Dispatch exports carry the Adjustment, COP Value and System Bonus they were hiding","Bug","Sprint 27","","High","Done","3","3","2026-08-25","1f94ff70","https://github.com/Simple-biz/simple-hris/commit/1f94ff70","pass.mts @baa43bda (2026-08-26)",""
"Task","HRIS-24","New Hire Checklist & Hiring Analytics","[HRIS] Import orientation-email-leadgen-only.json into live n8n as the second-layer filter","Chore","Sprint 27","","Medium","Done","1","1","2026-08-28","d79c1a64","https://github.com/Simple-biz/simple-hris/commit/d79c1a64","pass.mts @6ae82ac5 (2026-08-28)",""
"Task","HRIS-26","Department Transfers v2","[HRIS] Repair the 9 drifted master-sheet department cells left behind by the sheet_synced false success","Chore","Sprint 27","","High","Done","3","3","2026-08-28","667dfe9d","https://github.com/Simple-biz/simple-hris/commit/667dfe9d","pass.mts @6ae82ac5 (2026-08-28)",""
"Task","HRIS-03a","Payment Dispatch","[HRIS] Kolan showed a fallback monogram for a day because /kolan.png was referenced and never existed","Bug","Sprint 27","","Medium","Done","2","2","2026-08-25","ce905f8f","https://github.com/Simple-biz/simple-hris/commit/ce905f8f","pass.mts @baa43bda (2026-08-26)",""
"Task","HRIS-15","Platform, Admin & Observability","[HRIS] Board sync closed twelve undeclared features and refused one closure a measurement disproved","Chore","Sprint 27","","Medium","Done","3","3","2026-08-25","6768db36","https://github.com/Simple-biz/simple-hris/commit/6768db36","pass.mts @baa43bda (2026-08-26)",""
"Task","HRIS-15","Platform, Admin & Observability","[HRIS] Two documentation passes, and the two indexes that were silently dropping entries","Chore","Sprint 27","","Medium","Done","3","3","2026-08-26","59719213 7bbf99c2","https://github.com/Simple-biz/simple-hris/commit/7bbf99c2","pass.mts @baa43bda (2026-08-26)",""
"Task","HRIS-24","New Hire Checklist & Hiring Analytics","[HRIS] Orientation gets its own tab on the HR New Hire Checklist — listed vs attended, per week","Feature","Sprint 27","","Medium","Done","5","5","2026-08-26","72f41e44","https://github.com/Simple-biz/simple-hris/commit/72f41e44","pass.mts @baa43bda (2026-08-26)",""
"Task","HRIS-03a","Payment Dispatch","[HRIS] Dispatch exports carried 833 pending rows with no payout destination","Bug","Sprint 27","","High","Done","2","2","2026-08-26","0e7dc633","https://github.com/Simple-biz/simple-hris/commit/0e7dc633","pass.mts @baa43bda (2026-08-26)",""
"Task","HRIS-03b","Paystub Dispatch","[HRIS] Exported pay stubs name the CURRENT department, paid or not","Feature","Sprint 27","","Medium","Done","3","3","2026-08-26","bdacb862","https://github.com/Simple-biz/simple-hris/commit/bdacb862","pass.mts @baa43bda (2026-08-26)",""
"Task","HRIS-15","Platform, Admin & Observability","[HRIS] The Monday board gets a writer that cannot lie — the board-sync skill, its approval gate and the two-writer column split","Chore","Sprint 26","","Medium","Done","5","5","2026-08-11","520a7755","https://github.com/Simple-biz/simple-hris/commit/520a7755","pass.mts @bf9fa5c2 (2026-08-27)",""
"Task","HRIS-15","Platform, Admin & Observability","[HRIS] A dead API budget owes the SP instead of losing it — the pending-SP ledger and its seven refusals","Chore","Sprint 27","","Medium","Done","3","3","2026-08-21","7e39a599","https://github.com/Simple-biz/simple-hris/commit/7e39a599","pass.mts @bf9fa5c2 (2026-08-27)",""
"Task","HRIS-10","Manager & My Team","[HRIS] Manager Scheduling tab — schedule periods with a rest-day model, UI first and no backend","Feature","Sprint 27","","Medium","Done","5","5","2026-08-26","d81ffecc 23c45325 850fdf22","https://github.com/Simple-biz/simple-hris/commit/850fdf22","pass.mts @4dc683c6 (2026-08-28)",""
"Task","HRIS-03a","Payment Dispatch","[HRIS] View Paystub gets an accounting rail — the dispatch log moves right and the manual-validation vouch joins it","Feature","Sprint 27","","Medium","Done","2","2","2026-08-28","cd681cf8","https://github.com/Simple-biz/simple-hris/commit/cd681cf8","pass.mts @4dc683c6 (2026-08-28)",""
"Task","HRIS-04","Employee Dispute / Issue System","[HRIS] The second approver comes from the request’s own team, and naming one grants a derived portal-only seat","Feature","Sprint 27","","High","Done","5","5","2026-08-27","a9901284","https://github.com/Simple-biz/simple-hris/commit/a9901284","pass.mts @4dc683c6 (2026-08-28)",""
"Task","HRIS-02b","PAB Calculator & Rate Management","[HRIS] Every PAB calendar reads Sun–Sat — the week model becomes a required argument, not a default","Bug","Sprint 27","","High","Done","5","5","2026-08-27","a73948a1","https://github.com/Simple-biz/simple-hris/commit/a73948a1","pass.mts @4dc683c6 (2026-08-28)",""
"Task","HRIS-03a","Payment Dispatch","[HRIS] Kolan’s plated dispatch card takes the dark lockup, with the mark-only rule retired on a measurement","Feature","Sprint 27","","Medium","Done","2","2","2026-08-28","c229a2b8","https://github.com/Simple-biz/simple-hris/commit/c229a2b8","pass.mts @4dc683c6 (2026-08-28)",""
"Task","HRIS-01a","Employee Onboarding & Offboarding Automation","[HRIS] HR Offboarding is one Offboarded tab with a stored origin column and an insert-only JSON backfill","Feature","Sprint 27","","Medium","Done","5","5","2026-08-28","a366c067","https://github.com/Simple-biz/simple-hris/commit/a366c067","pass.mts @4dc683c6 (2026-08-28)",""
"Task","HRIS-02a","Payroll Wizard","[HRIS] Payroll Wizard: HSL and Additions become one step, HSL keeps its own tab, and the rail renumbers 1-8","Feature","Sprint 27","","Medium","Done","5","5","2026-08-28","9a42f5f2 bb4b2311 1b262488 4b8f7177","https://github.com/Simple-biz/simple-hris/commit/4b8f7177","pass.mts @4dc683c6 (2026-08-28)",""
"Task","HRIS-18","Documents Center & E-Signing","[HRIS] A signature can be typed as well as drawn, and the pointer finally lands on the ink","Feature","Sprint 27","","Medium","Done","5","5","2026-08-28","3fb27b1d","https://github.com/Simple-biz/simple-hris/commit/3fb27b1d","pass.mts @4dc683c6 (2026-08-28)",""
"Task","HRIS-07","MESA Integration","[HRIS] MESA rebuilt from the CSV on the receipt-shortfall ruling, with a server-enforced disbursement guard","Feature","Sprint 27","","High","Done","8","8","2026-08-28","cd681cf8","https://github.com/Simple-biz/simple-hris/commit/cd681cf8","pass.mts @4dc683c6 (2026-08-28)",""
"Task","HRIS-15","Platform, Admin & Observability","[HRIS] The blueprint and hardening skills — every code change routes through one of them before it is written","Chore","Sprint 26","","Medium","Done","3","3","2026-08-10","5120398d 00eefbd8 606cd61e","https://github.com/Simple-biz/simple-hris/commit/606cd61e","pass.mts @4dc683c6 (2026-08-28)",""
"Task","HRIS-02b","PAB Calculator & Rate Management","[HRIS] PAB step shows the 1,557 people it hid — names, Employee IDs, Catalog departments, status filters and a KPI strip","Feature","Sprint 27","","High","Done","5","5","2026-08-28","3363e590 8f85e3be 119129b6 1641f91b 8b3d7de1 2def4f07 7843a508 5fdff012 ad8c5839 d6036145 d3486661 ac94b91a","https://github.com/Simple-biz/simple-hris/commit/ac94b91a","pass.mts @8a6261b7 (2026-09-02)",""
"Task","HRIS-02a","Payroll Wizard","[HRIS] Wizard HSL step drops the banner and the weekly KPI period cards","Feature","Sprint 27","","Low","Done","2","2","2026-08-28","a84146cb","https://github.com/Simple-biz/simple-hris/commit/a84146cb","pass.mts @8a6261b7 (2026-09-02)",""
"Task","HRIS-02a","Payroll Wizard","[HRIS] Missing-CSV dialog stops claiming an auto-sync it never performs","Bug","Sprint 27","","Low","Done","1","1","2026-08-29","cc10258a","https://github.com/Simple-biz/simple-hris/commit/cc10258a","pass.mts @8a6261b7 (2026-09-02)",""
"Task","HRIS-09","Employee Self-Service Portal","[HRIS] Team Rankings is Kane’s alone — admin roles confer nothing","Feature","Sprint 27","","Medium","Done","2","2","2026-08-29","50c05777","https://github.com/Simple-biz/simple-hris/commit/50c05777","pass.mts @8a6261b7 (2026-09-02)",""
"Task","HRIS-06","KPI Calculator & Payment Catalog","[HRIS] The red double-pay guard was right — its test was wrong, and three undocumented surfaces got their docs","Bug","Sprint 27","","Medium","Done","2","2","2026-08-31","3bac1ff6 47ed47ef","https://github.com/Simple-biz/simple-hris/commit/47ed47ef","pass.mts @8a6261b7 (2026-09-02)",""
"Task","HRIS-19","Bank Preferred Governance & WIRES Lock","[HRIS] The 1:1 rule — the receiving bank drives the send-from rail, gated on both sides","Feature","Sprint 27","","High","Done","5","5","2026-08-31","ce4f2302 debac13d b8b1f3fc","https://github.com/Simple-biz/simple-hris/commit/b8b1f3fc","pass.mts @8a6261b7 (2026-09-02)",""
"Task","HRIS-02a","Payroll Wizard","[HRIS] Start Processing plays a real engine — truckstart.mp3 in both the Wizard and Dispatch","Feature","Sprint 28","","Low","Done","2","2","2026-09-01","e3613f41 449f8d62 9306ee19 978500d7","https://github.com/Simple-biz/simple-hris/commit/978500d7","pass.mts @8a6261b7 (2026-09-02)",""
"Task","HRIS-03b","Paystub Dispatch","[HRIS] Preview Emails wears the wizard’s chrome and shows the WORK email","Feature","Sprint 28","","Low","Done","2","2","2026-09-01","541b6dfb","https://github.com/Simple-biz/simple-hris/commit/541b6dfb","pass.mts @8a6261b7 (2026-09-02)",""
"Task","HRIS-02b","PAB Calculator & Rate Management","[HRIS] PAB verdicts — the payout week owns the tab, Ignore joins Forgive, decided rows leave to a realtime Done tab, and PAB becomes step 4","Feature","Sprint 28","","High","Done","5","5","2026-09-01","7428e866 a2b428db 377834e5 7ca5ceaf 7cd45fa2 3b21a7ce bc731dd6 1f7a631d","https://github.com/Simple-biz/simple-hris/commit/1f7a631d","pass.mts @8a6261b7 (2026-09-02)",""
"Task","HRIS-20","Payroll Readiness Dashboard","[HRIS] Readiness No Pay Rate rows can be Ignored for one week, backed by a payroll_rate_exemptions table","Feature","Sprint 28","","Medium","Done","3","3","2026-09-01","225481a2","https://github.com/Simple-biz/simple-hris/commit/225481a2","pass.mts @8a6261b7 (2026-09-02)",""
"Task","HRIS-19","Bank Preferred Governance & WIRES Lock","[HRIS] Bank Preferred requests are rows in the Issues table, and decided rows gain Edit and Delete","Feature","Sprint 28","","Medium","Done","3","3","2026-09-01","5f638846 fba536de 9b2efb88","https://github.com/Simple-biz/simple-hris/commit/9b2efb88","pass.mts @8a6261b7 (2026-09-02)",""
"Task","HRIS-23","People Directory & Pay Governance","[HRIS] People Offboarded search tab — search · pay · bank in one surface, one-off cards join the processor buckets","Feature","Sprint 28","","High","Done","5","5","2026-09-01","5a7c066b 2c0f7666 d1dc97d4 dc1b6260","https://github.com/Simple-biz/simple-hris/commit/dc1b6260","pass.mts @8a6261b7 (2026-09-02)",""
"Task","HRIS-18","Documents Center & E-Signing","[HRIS] Termination Documents — a generated packet per leaver with its own table, personal-email search and undo on the doc row","Feature","Sprint 28","","High","Done","5","5","2026-09-01","e8e8c6ae 90812026 bf43c86a","https://github.com/Simple-biz/simple-hris/commit/bf43c86a","pass.mts @8a6261b7 (2026-09-02)",""
"Task","HRIS-18","Documents Center & E-Signing","[HRIS] Generate COE from the Signing Queue — accounting issues and signs on the employee’s behalf","Feature","Sprint 28","","Medium","Done","3","3","2026-09-01","6d16bd70 604abd10","https://github.com/Simple-biz/simple-hris/commit/604abd10","pass.mts @c58e0f6c (2026-09-17)",""
"Task","HRIS-03c","Vendors & Orphanage Payments","[HRIS] Orphanage step deletes wipe both carriers, the additions blob is written under CAS, and the red panel restores from record","Feature","Sprint 28","","High","Done","5","5","2026-09-01","27328af3 28bea8ac","https://github.com/Simple-biz/simple-hris/commit/28bea8ac","pass.mts @c58e0f6c (2026-09-17)",""
"Task","HRIS-30","HSL KPI 2026-07 Overhaul & Week-Model Cutover","[HRIS] HSL KPI branches become a list that opens a Windowed/Half/Full overlay, with SSD rebuilt and a matching first-load skeleton","Feature","Sprint 28","","Medium","Done","5","5","2026-09-01","2547b719 276e6d7f db69b335","https://github.com/Simple-biz/simple-hris/commit/db69b335","pass.mts @c58e0f6c (2026-09-17)",""
"Task","HRIS-06","KPI Calculator & Payment Catalog","[HRIS] KPI Calculator paints from cache across the tab-switch unmount, and holds scoring until week, catalog and FX are live","Feature","Sprint 28","","Medium","Done","5","5","2026-09-01","9ddf772f c502457c","https://github.com/Simple-biz/simple-hris/commit/c502457c","pass.mts @c58e0f6c (2026-09-17)",""
"Task","HRIS-10","Manager & My Team","[HRIS] Manager dashboard shell paints from cache across the tab-switch unmount and a reload","Feature","Sprint 28","","Medium","Done","5","5","2026-09-01","ad869220","https://github.com/Simple-biz/simple-hris/commit/ad869220","pass.mts @c58e0f6c (2026-09-17)",""
"Task","HRIS-21","Payroll Notes & Adjustments Bridge","[HRIS] Payroll Notes rows are shared — any wizard editor deletes or applies any row, and the board pages past 1000","Feature","Sprint 28","","Medium","Done","2","2","2026-09-01","e62f30e8","https://github.com/Simple-biz/simple-hris/commit/e62f30e8","pass.mts @c58e0f6c (2026-09-17)",""
"Task","HRIS-02a","Payroll Wizard","[HRIS] Replayed wizard exports carry the FULL saved split, so every row reconciles against the paid final","Bug","Sprint 28","","High","Done","3","3","2026-09-01","0703c748","https://github.com/Simple-biz/simple-hris/commit/0703c748","pass.mts @c58e0f6c (2026-09-17)",""
"Task","HRIS-04","Employee Dispute / Issue System","[HRIS] Manager Time Adjustments becomes a master-detail review workspace on the MESA-in-blue theme, with the detail as a modal","Feature","Sprint 28","","High","Done","5","5","2026-09-02","840f0f77 b97637e3 0ce0fa64 f36a97ce","https://github.com/Simple-biz/simple-hris/commit/f36a97ce","pass.mts @c58e0f6c (2026-09-17)",""
"Task","HRIS-04","Employee Dispute / Issue System","[HRIS] Manager Time Adjustments flicker was a fetch-per-render loop — ref the callback, poll every 60 s","Bug","Sprint 28","","High","Done","2","2","2026-09-02","62c8312e","https://github.com/Simple-biz/simple-hris/commit/62c8312e","pass.mts @c58e0f6c (2026-09-17)",""
"Task","HRIS-06","KPI Calculator & Payment Catalog","[HRIS] Both KPI calculators share one header — a Departments/HSL switch, the readiness chip, the Draft/Ready/Locked ladder and the shell’s lock banner","Feature","Sprint 28","","Medium","Done","5","5","2026-09-02","f36a97ce","https://github.com/Simple-biz/simple-hris/commit/f36a97ce","pass.mts @c58e0f6c (2026-09-17)",""
"Task","HRIS-03a","Payment Dispatch","[HRIS] Lower-left “X paid Y $Z” toast on every dashboard while processing is on, broadcast by the server after each dispatch INSERT","Feature","Sprint 28","","High","Done","5","5","2026-09-03","60ea3aeb 64f012b6 1128ebce 407207a3","https://github.com/Simple-biz/simple-hris/commit/407207a3","pass.mts @c58e0f6c (2026-09-17)",""
"Task","HRIS-03a","Payment Dispatch","[HRIS] Payment Dispatch refuses a second paid row per cycle — server 409 guard, stale-load fence, and a dedupe script","Bug","Sprint 28","","Critical","Done","5","5","2026-09-03","d406e7c9","https://github.com/Simple-biz/simple-hris/commit/d406e7c9","pass.mts @c58e0f6c (2026-09-17)",""
"Task","HRIS-03a","Payment Dispatch","[HRIS] Run dedupe-payment-dispatches --apply — 81 echo groups collapsed to the oldest row, alonzos@ left as divergent","Chore","Sprint 28","","High","Done","1","1","2026-09-03","d406e7c9","https://github.com/Simple-biz/simple-hris/commit/d406e7c9","pass.mts @cc31fe46 (2026-09-03)",""
"Task","HRIS-03a","Payment Dispatch","[HRIS] Stop Processing can no longer file a just-paid person as unpaid — the close-out prunes reconciled-paid employees","Bug","Sprint 28","","High","Done","2","2","2026-09-03","1f5b3ce4","https://github.com/Simple-biz/simple-hris/commit/1f5b3ce4","pass.mts @bae33a15 (2026-09-12)",""
"Task","HRIS-03c","Vendors & Orphanage Payments","[HRIS] Orphanage interns — @pathway.ph profiles, own Hubstaff report and tables, a mini wizard on /orphanage, a Simple | Interns view in Accounting, and dispatch to the Orphanage queue","Feature","Sprint 28","","High","Done","8","8","2026-09-03","57ca6638 5a18b40c 34934480 cd8f4365 2b54e2fb 1a049e76 5cc1a5eb f9acc1a5","https://github.com/Simple-biz/simple-hris/commit/f9acc1a5","pass.mts @c58e0f6c (2026-09-17)",""
"Task","HRIS-09","Employee Self-Service Portal","[HRIS] Employee Pay Stubs are served from recovered snapshots and Profile loads in one wave","Feature","Sprint 28","","High","Done","5","5","2026-09-03","1b840fc6","https://github.com/Simple-biz/simple-hris/commit/1b840fc6","pass.mts @c58e0f6c (2026-09-17)",""
"Task","HRIS-09","Employee Self-Service Portal","[HRIS] Employee My Hours calendar tiles restyled like the MESA stat cards — flat tone fills, bigger dates, warm weekend text","Feature","Sprint 28","","Low","Done","2","2","2026-09-03","c8e5f658 4265bdfd b1c0dcf3 fb26990b 6f4ac980","https://github.com/Simple-biz/simple-hris/commit/6f4ac980","pass.mts @c58e0f6c (2026-09-17)",""
"Task","HRIS-15","Platform, Admin & Observability","[HRIS] Favicon becomes the Employee Penny chat-bubble heart","Chore","Sprint 28","","Low","Done","1","1","2026-09-03","30230f09","https://github.com/Simple-biz/simple-hris/commit/30230f09","pass.mts @c58e0f6c (2026-09-17)",""
"Task","HRIS-06","KPI Calculator & Payment Catalog","[HRIS] Payment Catalog Pay Processors tab — the source-of-truth registry of send-from processors and their 1:1 rails","Feature","Sprint 28","","High","Done","5","5","2026-09-03","5062ccc1 44aa16f7","https://github.com/Simple-biz/simple-hris/commit/44aa16f7","pass.mts @bae33a15 (2026-09-12)",""
"Task","HRIS-02a","Payroll Wizard","[HRIS] Wizard Lock-in button greys out once the cycle is locked and sent to Payment Dispatch","Bug","Sprint 28","","Medium","Done","2","2","2026-09-03","5982d3e6","https://github.com/Simple-biz/simple-hris/commit/5982d3e6","pass.mts @bae33a15 (2026-09-12)",""
"Task","HRIS-06","KPI Calculator & Payment Catalog","[HRIS] Edit Department on every Payment Catalog card — rename by alias, sub-department restructure, people moves, CAS-guarded; master-list cards for managers only","Feature","Sprint 28","","High","Done","8","8","2026-09-03","7e15aed8 67858c44","https://github.com/Simple-biz/simple-hris/commit/67858c44","pass.mts @bae33a15 (2026-09-12)",""
"Task","HRIS-24","New Hire Checklist & Hiring Analytics","[HRIS] Orientation date skips enabled US holidays, iteratively — Labor Day Sep 7 moves the invite to Tue Sep 8","Feature","Sprint 28","","High","Done","3","3","2026-09-04","609b84ad 19ea1862","https://github.com/Simple-biz/simple-hris/commit/19ea1862","pass.mts @bae33a15 (2026-09-12)",""
"Task","HRIS-06","KPI Calculator & Payment Catalog","[HRIS] Payment Catalog Current Banks tab — 129 spellings folded to 45 official names, real logos measured before they land, and a People tab per bank that marks leavers instead of hiding them","Feature","Sprint 28","","Medium","Done","5","5","2026-09-04","459671ea b471a7e8 7db4ad3f 3c478f1c","https://github.com/Simple-biz/simple-hris/commit/3c478f1c","pass.mts @bae33a15 (2026-09-12)",""
"Task","HRIS-09","Employee Self-Service Portal","[HRIS] Employee ID badge as a Profile section — navy flat card that never themes, PNG download, milled-metal sheen, and two painter bugs the tests never saw","Feature","Sprint 28","","Medium","Done","5","5","2026-09-04","f731fe69 027fce30 c30dbdbc b99867fe 1aaeb5ef","https://github.com/Simple-biz/simple-hris/commit/1aaeb5ef","pass.mts @bae33a15 (2026-09-12)",""
"Task","HRIS-03a","Payment Dispatch","[HRIS] Pay-cycle celebration fires ONE way — from the close-out route itself — with CSV, XLSX and PDF attached; the client-side cycle-complete route is deleted","Feature","Sprint 28","","High","Done","5","5","2026-09-04","88474107","https://github.com/Simple-biz/simple-hris/commit/88474107","pass.mts @c58e0f6c (2026-09-17)",""
"Task","HRIS-15","Platform, Admin & Observability","[HRIS] Admin → Webhooks automation editor — recipients by role or fixed list, extra payload keys, and a Test that mails only the tester","Feature","Sprint 28","","Medium","Done","5","5","2026-09-04","88474107 2e24032c","https://github.com/Simple-biz/simple-hris/commit/2e24032c","pass.mts @bae33a15 (2026-09-12)",""
"Task","HRIS-26","Department Transfers v2","[HRIS] angelicac@ transfer backfill script — the transfer HRIS never filed, replayed through the three Release helpers in order, dry-run by default","Chore","Sprint 28","","High","Done","2","2","2026-09-04","658a99ac","https://github.com/Simple-biz/simple-hris/commit/658a99ac","pass.mts @bae33a15 (2026-09-12)",""
"Task","HRIS-28","CEO “Penny” AI Assistant & Live KPIs","[HRIS] Admin Penny becomes an operator console — NUL-delimited activity frames report the real tool, Opus 5 engine with refusal fallback, /clear","Feature","Sprint 28","","Medium","Done","5","5","2026-09-04","482d5af6","https://github.com/Simple-biz/simple-hris/commit/482d5af6","pass.mts @bae33a15 (2026-09-12)",""
"Task","HRIS-15","Platform, Admin & Observability","[HRIS] Diagnostics → Payroll Cycle Performance and HR Pipeline tabs — one honest rate each from close-outs, every cycle listed, and a progress bar that cannot finish early","Feature","Sprint 28","","Medium","Done","5","5","2026-09-04","2ff4c6be 2a26c4f6 9c349baa 5bf484a2","https://github.com/Simple-biz/simple-hris/commit/5bf484a2","pass.mts @bae33a15 (2026-09-12)",""
"Task","HRIS-06","KPI Calculator & Payment Catalog","[HRIS] A failed Payment Catalog read no longer renders an empty catalog in silence","Bug","Sprint 28","","Medium","Done","1","1","2026-09-08","d12e8323","https://github.com/Simple-biz/simple-hris/commit/d12e8323","pass.mts @bae33a15 (2026-09-12)",""
"Task","HRIS-02a","Payroll Wizard","[HRIS] COP people see COP — a per-person settlement currency, display-only, on the Payroll Wizard, both KPI calculators, Mark Paid and the Processor Queue","Feature","Sprint 28","","Medium","Done","5","5","2026-09-08","68bcc8fb f1c72380 771eb1e1","https://github.com/Simple-biz/simple-hris/commit/771eb1e1","pass.mts @bae33a15 (2026-09-12)",""
"Task","HRIS-06","KPI Calculator & Payment Catalog","[HRIS] Settlement-currency fetch was cancelled by every dependency change and never retried — only an unmount may drop a response","Bug","Sprint 28","","Medium","Done","2","2","2026-09-08","5c5adf54","https://github.com/Simple-biz/simple-hris/commit/5c5adf54","pass.mts @bae33a15 (2026-09-12)",""
"Task","HRIS-30","HSL KPI 2026-07 Overhaul & Week-Model Cutover","[HRIS] HSL Managers Weekly realigned to the dated 2026-08-30 sheet — banded weekly tiers, three new managers, Pre/Post-Hearing ₱2,500 monthly final-week box outside the cap, Case Managers SSA.Gov ×₱250","Feature","Sprint 28","","High","Done","5","5","2026-09-08","3d49ebcd 224762e6 c61e1b8a","https://github.com/Simple-biz/simple-hris/commit/c61e1b8a","pass.mts @bae33a15 (2026-09-12)",""
"Task","HRIS-30","HSL KPI 2026-07 Overhaul & Week-Model Cutover","[HRIS] SSD Medical Records and Collections monthly flat bonuses auto-dispatch again — Ready is the trigger, and the monthly share sums with the weekly bonus","Bug","Sprint 28","","High","Done","2","2","2026-09-08","6121626c f5b75b19","https://github.com/Simple-biz/simple-hris/commit/f5b75b19","pass.mts @bae33a15 (2026-09-12)",""
"Task","HRIS-30","HSL KPI 2026-07 Overhaul & Week-Model Cutover","[HRIS] HSL KPI bonus is paid for every scored person, not only hogan_smith_law home-department master rows","Bug","Sprint 28","","High","Done","2","2","2026-09-08","78e69361","https://github.com/Simple-biz/simple-hris/commit/78e69361","pass.mts @bae33a15 (2026-09-12)",""
"Task","HRIS-06","KPI Calculator & Payment Catalog","[HRIS] Bonus Library carries a version and an effective date per bonus, with version and assignment history in the modal — display and audit only, the calculator pays the live definition","Feature","Sprint 28","","Medium","Done","5","5","2026-09-08","8c2710ee","https://github.com/Simple-biz/simple-hris/commit/8c2710ee","pass.mts @bae33a15 (2026-09-12)",""
"Task","HRIS-02b","PAB Calculator & Rate Management","[HRIS] PAB step: HSL wins when a person has two master rows and the step says whose department was guessed; the Additions review re-gates PAB off payout weeks","Bug","Sprint 28","","High","Done","3","3","2026-09-08","cbfd640a 0140c07a 7b760955 6f15e889 364fdfca","https://github.com/Simple-biz/simple-hris/commit/364fdfca","pass.mts @bae33a15 (2026-09-12)",""
"Task","HRIS-05","RBAC, Security & Access Control","[HRIS] Pre-release security readiness sweep — the shared-password impersonation backdoor, six ungated API routes, the unpaid-paystub flag and zero security headers, written up from a transcript","Spike","Sprint 28","","Critical","Done","2","2","2026-09-09","362624c3","https://github.com/Simple-biz/simple-hris/commit/362624c3","pass.mts @bae33a15 (2026-09-12)",""
"Task","HRIS-02a","Payroll Wizard","[HRIS] Payroll Wizard Reports step gets a search bar — display only, exports and the cycle Total never narrow","Feature","Sprint 28","","Low","Done","1","1","2026-09-09","0573d834","https://github.com/Simple-biz/simple-hris/commit/0573d834","pass.mts @bae33a15 (2026-09-12)",""
"Task","HRIS-05","RBAC, Security & Access Control","[HRIS] Accounting tab cache gets an identity envelope and a sign-out purge so pay data cannot survive into the next account; HR cache gains a 30 s freshness window","Bug","Sprint 28","","High","Done","5","5","2026-09-09","4e8590cb f5ad83ab","https://github.com/Simple-biz/simple-hris/commit/f5ad83ab","pass.mts @bae33a15 (2026-09-12)",""
"Task","HRIS-15","Platform, Admin & Observability","[HRIS] One audit-action registry behind the panel, Penny and every write path — source-scan test fails the build on an unregistered action, actor from the session never the body, dated purge with a 90-day floor","Feature","Sprint 28","","High","Done","5","5","2026-09-09","ddf4c790","https://github.com/Simple-biz/simple-hris/commit/ddf4c790","pass.mts @bae33a15 (2026-09-12)",""
"Task","HRIS-14","Integrations (Google Sheets / Workspace / Hubstaff)","[HRIS] Rename the paid 2026-08-23 Hubstaff week off its browser ""(1)"" suffix across every store and reseed its 1,100 disbursement records","Chore","Sprint 28","","High","Done","3","3","2026-09-09","25a6f677","https://github.com/Simple-biz/simple-hris/commit/25a6f677","pass.mts @bae33a15 (2026-09-12)",""
"Task","HRIS-09","Employee Self-Service Portal","[HRIS] Employee PAB card explains the right rule in all four places, and ""Not met"" drills into the calendar","Bug","Sprint 28","","High","Done","2","2","2026-09-10","15dbd67f","https://github.com/Simple-biz/simple-hris/commit/15dbd67f","pass.mts @bae33a15 (2026-09-12)",""
"Task","HRIS-09","Employee Self-Service Portal","[HRIS] My Hours becomes Time Adjustments, and red days ask for one — a persistent mark, a 5 s looping bubble and a permanent count, shuffled by seed","Feature","Sprint 28","","High","Done","3","3","2026-09-10","8ab5dcdb 9841c4c9 0db725af","https://github.com/Simple-biz/simple-hris/commit/0db725af","pass.mts @bae33a15 (2026-09-12)",""
"Task","HRIS-16","QC / Quality Control","[HRIS] QC weekly deal is genuinely random — seeded per (period_start, department), Callback retired from QC_DEPT_KEYS, and the surface gets its first feature doc","Bug","Sprint 28","","High","Done","3","3","2026-09-10","aa48e39d","https://github.com/Simple-biz/simple-hris/commit/aa48e39d","pass.mts @bae33a15 (2026-09-12)",""
"Task","HRIS-16","QC / Quality Control","[HRIS] QC: paste Jackie’s sheet, Compare it with the first pass in four buckets, Override via setVar only, Undo in memory","Feature","Sprint 28","","High","Done","5","5","2026-09-10","2e56b84e","https://github.com/Simple-biz/simple-hris/commit/2e56b84e","pass.mts @bae33a15 (2026-09-12)",""
"Task","HRIS-06","KPI Calculator & Payment Catalog","[HRIS] KPI calculators score the upcoming pay week before its Hubstaff file exists, and kpi.published tells Accounting on publish","Feature","Sprint 28","","High","Done","5","5","2026-09-10","27b193c3 9eea44b9","https://github.com/Simple-biz/simple-hris/commit/9eea44b9","pass.mts @bae33a15 (2026-09-12)",""
"Task","HRIS-06","KPI Calculator & Payment Catalog","[HRIS] Lead Gen card header — Compare chip beside Payout with motion, Offboarded last pay behind a header chip, week picker border restored","Feature","Sprint 28","","Low","Done","2","2","2026-09-10","e107ab37 e8e5926d 257ecf56 a56ce28c","https://github.com/Simple-biz/simple-hris/commit/a56ce28c","pass.mts @bae33a15 (2026-09-12)",""
"Task","HRIS-10","Manager & My Team","[HRIS] Manager Overview rebuilt — what needs me on the left as one ordered queue, the roster on the right, four stat cells, and no page scroll at lg and up","Feature","Sprint 28","","Medium","Done","5","5","2026-09-03","f36a97ce ba990833","https://github.com/Simple-biz/simple-hris/commit/ba990833","pass.mts @bae33a15 (2026-09-12)",""
"Task","HRIS-18","Documents Center & E-Signing","[HRIS] The COE states the profile role and the bonuses earned over the last 4 pay cycles, through the one reader the paystub modal already uses","Feature","Sprint 28","","Medium","Done","5","5","2026-09-10","47232941 4c15670d","https://github.com/Simple-biz/simple-hris/commit/4c15670d","pass.mts @bae33a15 (2026-09-12)",""
"Task","HRIS-02a","Payroll Wizard","[HRIS] Payroll Wizard Reports XLSX carries Time Adj. Hours, Pay and Dates — the delta is staged on the payload, never recomputed at export","Feature","Sprint 28","","Medium","Done","3","3","2026-09-10","bd7f8402","https://github.com/Simple-biz/simple-hris/commit/bd7f8402","pass.mts @bae33a15 (2026-09-12)",""
"Task","HRIS-32","Gifts & Milestones Tracker","[HRIS] HRIS becomes the tenure-gift ledger — a receipt row is an assertion, and no row means unknown rather than not received","Feature","Sprint 28","","High","Done","5","5","2026-09-11","bc336bef b12a7462","https://github.com/Simple-biz/simple-hris/commit/b12a7462","pass.mts @bae33a15 (2026-09-12)",""
"Task","HRIS-32","Gifts & Milestones Tracker","[HRIS] Gift receipts resolve through an exact four-tier ladder — work email, employee id, alternate work email, then name AND start date — after work-email-only matching stranded 15 live people","Bug","Sprint 28","","High","Done","5","5","2026-09-11","1b7585ac","https://github.com/Simple-biz/simple-hris/commit/1b7585ac","pass.mts @bae33a15 (2026-09-12)",""
"Task","HRIS-23","People Directory & Pay Governance","[HRIS] The People banking reveal prints the payout record as the payee's own bank card — brand colours MEASURED off the shipped logo, fed the PAID slot, and nothing new exposed","Feature","Sprint 28","","Medium","Done","5","5","2026-09-11","e7f41215","https://github.com/Simple-biz/simple-hris/commit/e7f41215","pass.mts @bae33a15 (2026-09-12)",""
"Task","HRIS-15","Platform, Admin & Observability","[HRIS] A Diagnostics month card opens its per-pay-processor breakdown, and because the counts are PAYMENTS not people no per-processor rate is drawn anywhere","Feature","Sprint 28","","Medium","Done","5","5","2026-09-11","2c806e54","https://github.com/Simple-biz/simple-hris/commit/2c806e54","pass.mts @bae33a15 (2026-09-12)",""
"Task","HRIS-15","Platform, Admin & Observability","[HRIS] The Diagnostics month breakdown narrows to a single week and downloads exactly what is on screen — one resolver foots the tiles, the table and the CSV, and the no-rate caveats ship inside the file","Feature","Sprint 28","","Medium","Done","3","3","2026-09-11","4934512d 3c99190d","https://github.com/Simple-biz/simple-hris/commit/3c99190d","pass.mts @bae33a15 (2026-09-12)",""
"Task","HRIS-15","Platform, Admin & Observability","[HRIS] Diagnostics charts every pay cycle since HRIS started paying — a line that breaks at every unmeasured week, four states where not_run is not no_denominator, and a rate axis that is not zero-based","Feature","Sprint 28","","Medium","Done","5","5","2026-09-11","11c62562 c84da224","https://github.com/Simple-biz/simple-hris/commit/c84da224","pass.mts @bae33a15 (2026-09-12)",""
"Task","HRIS-20","Payroll Readiness Dashboard","[HRIS] Readiness and Offboarded “Set rate” names the date it takes effect — defaults to today in Manila, no minimum so a closed week is reachable, sent verbatim and never snapped, and a blank date refuses the save","Bug","Sprint 28","","High","Done","2","2","2026-09-11","5d439693","https://github.com/Simple-biz/simple-hris/commit/5d439693","pass.mts @bae33a15 (2026-09-12)",""
"Task","HRIS-32","Gifts & Milestones Tracker","[HRIS] A public no-login link asks for one shipping address and covers every tenure gift a person is owed — identity is the session token and never the request body, and every verification failure answers the same way","Feature","Sprint 28","","High","Done","8","8","2026-09-12","8e2824fd a70e33ba","https://github.com/Simple-biz/simple-hris/commit/a70e33ba","pass.mts @540b22df (2026-09-13)",""
"Task","HRIS-15","Platform, Admin & Observability","[HRIS] Every payment Undo now has a readable record — the actor comes from auditFrom instead of failing open to unknown, and the paid-status trap that would have invented 82 un-payments is closed","Feature","Sprint 28","","High","Done","5","5","2026-09-12","29ede84b","https://github.com/Simple-biz/simple-hris/commit/29ede84b","pass.mts @540b22df (2026-09-13)",""
"Task","HRIS-09","Employee Self-Service Portal","[HRIS] A teammate in the Employee directory is a short name and a work email and nothing else — redacting server-side closed search, sort and the personal-email fallback at once","Feature","Sprint 28","","High","Done","5","5","2026-09-12","396ea840","https://github.com/Simple-biz/simple-hris/commit/396ea840","pass.mts @540b22df (2026-09-13)",""
"Task","HRIS-09","Employee Self-Service Portal","[HRIS] The Employee Profile merges nine chips into five, with one tab vocabulary and deep links that name an intent instead of a tab index","Feature","Sprint 28","","High","Done","8","8","2026-09-12","858da382 843e0cdc d0231195 e499763d 6c0e05c1 9cc43520 17d9215c f7d3749c 1206b20a 1ad9aef3 8a3fb187 043db920","https://github.com/Simple-biz/simple-hris/commit/043db920","pass.mts @540b22df (2026-09-13)",""
"Task","HRIS-09","Employee Self-Service Portal","[HRIS] The Employee Profile crashed on every cold load and nothing caught it — the hook-order guard that pins it now could not see 39% of the hooks it guards","Bug","Sprint 28","","Critical","Done","3","3","2026-09-12","db68263d 19958353","https://github.com/Simple-biz/simple-hris/commit/19958353","pass.mts @540b22df (2026-09-13)",""
"Task","HRIS-09","Employee Self-Service Portal","[HRIS] A start date read a day early for everyone west of UTC — the ID card and the Profile render date-only values without crossing a timezone","Bug","Sprint 28","","High","Done","2","2","2026-09-12","c48fc2b6 ac131344 e02d5759","https://github.com/Simple-biz/simple-hris/commit/e02d5759","pass.mts @540b22df (2026-09-13)",""
"Task","HRIS-33","Pay Cycle Reports & Publication","[HRIS] Sending a second copy of a pay document asks first, and the copy is labelled Reissued or Amended rather than counted as an attempt","Feature","Sprint 29","","High","Done","8","8","2026-09-25","4acceeb9","https://github.com/Simple-biz/simple-hris/commit/4acceeb9","pass.mts @64728b4b (2026-09-30)",""
"Task","HRIS-28","CEO “Penny” AI Assistant & Live KPIs","[HRIS] Admin Penny opens the files on record in the console’s own viewer, and its chat tables stopped dropping cells","Feature","Sprint 28","","Medium","Done","8","8","2026-09-12","40f1ee35 fe449f43 9cb5310f 9aab81f9 5acaed8d 1a1979c1","https://github.com/Simple-biz/simple-hris/commit/1a1979c1","pass.mts @540b22df (2026-09-13)",""
"Task","HRIS-09","Employee Self-Service Portal","[HRIS] The employee payout record reads as the bank card it pays into — masked to the last four with a reveal, fed the paid slot, and account numbers never reach storage","Feature","Sprint 28","","Medium","Done","5","5","2026-09-12","ab0126f8 03c002e7 a9ce49bd","https://github.com/Simple-biz/simple-hris/commit/a9ce49bd","pass.mts @540b22df (2026-09-13)",""
"Task","HRIS-09","Employee Self-Service Portal","[HRIS] A second bank account sits tucked behind the first as a deck that spins the stack, and the card facing forward never implies where the money goes","Feature","Sprint 28","","Medium","Done","5","5","","9803bba6","https://github.com/Simple-biz/simple-hris/commit/9803bba6","pass.mts @c40151b4 (2026-09-16); no Done date recorded in the repo",""
"Task","HRIS-23","People Directory & Pay Governance","[HRIS] GoTyme and MariBank are the colour their mark prints on, not the colour of the ink — a swatch source the card reads and never draws","Bug","Sprint 28","","Medium","Done","2","2","","34482dbf","https://github.com/Simple-biz/simple-hris/commit/34482dbf","pass.mts @c40151b4 (2026-09-16); no Done date recorded in the repo",""
"Task","HRIS-23","People Directory & Pay Governance","[HRIS] An alternative-slot payee’s card handed over the wrong wire code — the card now matches Payment Dispatch’s three-rung SWIFT fallback, and three real bank spellings that resolved to nothing now resolve","Bug","Sprint 28","","High","Done","3","3","2026-09-12","d154afe7 0b194566 f2560d02","https://github.com/Simple-biz/simple-hris/commit/f2560d02","pass.mts @540b22df (2026-09-13)",""
"Task","HRIS-09","Employee Self-Service Portal","[HRIS] The live Hubstaff window is derived from the weekly batch’s own coverage instead of a fixed 13 days, taking the request cost from 46% of the hourly cap to 22%","Feature","Sprint 28","","Medium","Done","3","3","2026-09-12","4c57dd4e","https://github.com/Simple-biz/simple-hris/commit/4c57dd4e","pass.mts @540b22df (2026-09-13)",""
"Task","HRIS-03a","Payment Dispatch","[HRIS] The expanded Payment Dispatch row shows the backup account as data, not as a second card that would imply where the money goes","Feature","Sprint 28","","Medium","Done","2","2","","d760870e","https://github.com/Simple-biz/simple-hris/commit/d760870e","pass.mts @c40151b4 (2026-09-16); no Done date recorded in the repo",""
"Task","HRIS-10","Manager & My Team","[HRIS] My Team picks a department on a vertical rail that is the outer axis for all three tabs, and the selection glides instead of reappearing elsewhere","Feature","Sprint 28","","Medium","Done","5","5","","4cf697ce 652cccae 7f377005 a42139e8","https://github.com/Simple-biz/simple-hris/commit/a42139e8","pass.mts @c40151b4 (2026-09-16); no Done date recorded in the repo",""
"Task","HRIS-10","Manager & My Team","[HRIS] The AI/API Team rankings render on My Team for the one person allowed to read them, as a tier and never as pesos","Feature","Sprint 28","","Medium","Done","3","3","","7420f38b","https://github.com/Simple-biz/simple-hris/commit/7420f38b","pass.mts @c40151b4 (2026-09-16); no Done date recorded in the repo",""
"Task","HRIS-16","QC / Quality Control","[HRIS] The QC period key must be a Sunday, and the boundary enforces it before the deal rather than after the write","Bug","Sprint 28","","High","Done","3","3","","b5178dd1","https://github.com/Simple-biz/simple-hris/commit/b5178dd1","pass.mts @c40151b4 (2026-09-16); no Done date recorded in the repo",""
"Task","HRIS-16","QC / Quality Control","[HRIS] The QC weekly deal reads the roster as of the scored week instead of as of today, so scoring a week late no longer deals it to the wrong people","Feature","Sprint 28","","High","Done","5","5","","5c7fdf17","https://github.com/Simple-biz/simple-hris/commit/5c7fdf17","pass.mts @c40151b4 (2026-09-16); no Done date recorded in the repo",""
"Task","HRIS-16","QC / Quality Control","[HRIS] QC officers are the QC department read from the roster rather than a role flag, and a week already dealt stays frozen","Feature","Sprint 28","","Medium","Done","3","3","","e5411cbf 08835b5d","https://github.com/Simple-biz/simple-hris/commit/08835b5d","pass.mts @c40151b4 (2026-09-16); no Done date recorded in the repo",""
"Task","HRIS-06","KPI Calculator & Payment Catalog","[HRIS] An offboarded person is scoreable for their final pay week and no others, and one dated predicate decides it instead of the active roster","Feature","Sprint 28","","High","Done","5","5","","736e9652 fcda5aac","https://github.com/Simple-biz/simple-hris/commit/fcda5aac","pass.mts @c40151b4 (2026-09-16); no Done date recorded in the repo",""
"Task","HRIS-06","KPI Calculator & Payment Catalog","[HRIS] Active and Offboarded tiles sit in the KPI Calculator toolbar and count this week rather than the whole roster","Feature","Sprint 28","","Low","Done","2","2","","88227b8e f763a8fd","https://github.com/Simple-biz/simple-hris/commit/f763a8fd","pass.mts @c40151b4 (2026-09-16); no Done date recorded in the repo",""
"Task","HRIS-16","QC / Quality Control","[HRIS] The QC Compare panel scrolls per column and yields to the department table, and an off-table refusal names the person instead of guessing why","Bug","Sprint 28","","Medium","Done","3","3","","4b5eceb0 c197ddf1 09877735 85570090","https://github.com/Simple-biz/simple-hris/commit/85570090","pass.mts @c40151b4 (2026-09-16); no Done date recorded in the repo",""
"Task","HRIS-16","QC / Quality Control","[HRIS] The QC Compare sheet is shared per department-week through app settings, so two officers work one sheet instead of two","Feature","Sprint 28","","Medium","Done","5","5","","c8e01d27","https://github.com/Simple-biz/simple-hris/commit/c8e01d27","pass.mts @c40151b4 (2026-09-16); no Done date recorded in the repo",""
"Task","HRIS-06","KPI Calculator & Payment Catalog","[HRIS] A per-card Refresh saves pending edits where the toolbar Refresh discards them, and the Compare sheet gains Delete all","Feature","Sprint 28","","Low","Done","2","2","","3c909c7e","https://github.com/Simple-biz/simple-hris/commit/3c909c7e","pass.mts @c40151b4 (2026-09-16); no Done date recorded in the repo",""
"Task","HRIS-16","QC / Quality Control","[HRIS] Add N missing as externals pulls sheet and QC people off the table keyed to pay, and marks the ones it refuses as problems","Feature","Sprint 28","","Medium","Done","3","3","","1a018ad7","https://github.com/Simple-biz/simple-hris/commit/1a018ad7","pass.mts @c40151b4 (2026-09-16); no Done date recorded in the repo",""
"Task","HRIS-14","Integrations (Google Sheets / Workspace / Hubstaff)","[HRIS] A Google Sheet sync can no longer un-write an offboard — the re-activation path is removed and the roster backfilled","Bug","Sprint 28","","Critical","Done","5","5","","ca4ce3e8","https://github.com/Simple-biz/simple-hris/commit/ca4ce3e8","pass.mts @c40151b4 (2026-09-16); no Done date recorded in the repo",""
"Task","HRIS-10","Manager & My Team","[HRIS] Scheduling moves inside the HSL department and starts saving, gated on the scheduling grant rather than team membership","Feature","Backlog","","High","Pending Deploy","5","","","7cf94aa5","https://github.com/Simple-biz/simple-hris/commit/7cf94aa5","pass.mts @1d3d1d07 (2026-09-23)",""
"Task","HRIS-01a","Employee Onboarding & Offboarding Automation","[HRIS] The Offboarded list shows the inbox that still reaches a leaver once the work account is gone","Feature","Sprint 28","","Low","Done","1","1","","373f47a0","https://github.com/Simple-biz/simple-hris/commit/373f47a0","pass.mts @c40151b4 (2026-09-16); no Done date recorded in the repo",""
"Task","HRIS-16","QC / Quality Control","[HRIS] Lead Gen’s QC first pass never reached the applied rows — the gap is measured and the restore is built behind an apply gate","Bug","Sprint 30","","Critical","Done","3","3","2026-10-02","b6711973 89f2d0e6 8307df6e","https://github.com/Simple-biz/simple-hris/commit/8307df6e","pass.mts @76296bad (2026-10-02)",""
"Task","HRIS-16","QC / Quality Control","[HRIS] The QC start meeting and four findings it settled — no QC Manager role exists, the transferred status cannot fire, an absent officer does not block the week","Spike","Sprint 28","","Medium","Done","2","2","2026-09-14","5cc6f4b3 8733d8e1 a8b48cf3 0dd5d1b4 1a3046bb","https://github.com/Simple-biz/simple-hris/commit/1a3046bb","pass.mts @c40151b4 (2026-09-16)",""
"Task","HRIS-17","Tickets & Support Board (Kanban)","[HRIS] The Employee Support blueprint is posted and waiting on nine answers before any code is written","Spike","Sprint 28","","Medium","Done","1","1","","a14c68ab","https://github.com/Simple-biz/simple-hris/commit/a14c68ab","pass.mts @c40151b4 (2026-09-16); no Done date recorded in the repo",""
"Task","HRIS-04","Employee Dispute / Issue System","[HRIS] Countersigned time adjustments reach Accounting on the Issues tab, and the reviewer is never the filer at any stage","Feature","Sprint 29","","High","Done","8","8","","e055ac8c fae0cc19","https://github.com/Simple-biz/simple-hris/commit/fae0cc19","pass.mts @c40151b4 (2026-09-16); no Done date recorded in the repo",""
"Task","HRIS-04","Employee Dispute / Issue System","[HRIS] An approved time adjustment derives its day total from one module that every overlay surface imports, instead of each surface deciding for itself","Feature","Sprint 29","","High","Done","3","3","","1d418b4a","https://github.com/Simple-biz/simple-hris/commit/1d418b4a","pass.mts @c40151b4 (2026-09-16); no Done date recorded in the repo",""
"Task","HRIS-01a","Employee Onboarding & Offboarding Automation","[HRIS] An offboarded person’s Set rate and Set bank are a complete override, and an undated departure anchors on the pay week in view instead of relabelling","Feature","Sprint 29","","High","Done","5","5","","1d418b4a f2b797e0 56823f57","https://github.com/Simple-biz/simple-hris/commit/56823f57","pass.mts @c40151b4 (2026-09-16); no Done date recorded in the repo",""
"Task","HRIS-28","CEO “Penny” AI Assistant & Live KPIs","[HRIS] Penny can see off-boarded people and trace a leaver and a bonus back to their sources, without ever inferring a value it cannot recover","Feature","Sprint 29","","Medium","Done","5","5","","d69ee972","https://github.com/Simple-biz/simple-hris/commit/d69ee972","pass.mts @c40151b4 (2026-09-16); no Done date recorded in the repo",""
"Task","HRIS-07","MESA Integration","[HRIS] MESA Non Members Opt In takes an effective date, and the route refuses one that falls inside a closed stint","Feature","Sprint 29","","Medium","Done","3","3","","a9d7ffa6","https://github.com/Simple-biz/simple-hris/commit/a9d7ffa6","pass.mts @c40151b4 (2026-09-16); no Done date recorded in the repo",""
"Task","HRIS-07","MESA Integration","[HRIS] Friday is the MESA deposit date, so a member’s first charged week is the first whose Friday follows their enrollment — and no rule change rewrites a snapshotted week","Feature","Sprint 29","","High","Done","5","5","","4ef7e959","https://github.com/Simple-biz/simple-hris/commit/4ef7e959","pass.mts @c40151b4 (2026-09-16); no Done date recorded in the repo",""
"Task","HRIS-07","MESA Integration","[HRIS] An aliased MESA member was never charged the deduction — the membership is stamped onto the rate rows and the backfill audit learns the alias map","Bug","Sprint 29","","Critical","Done","3","3","2026-09-22","61fa6553 2ed76b21 3a97d121","https://github.com/Simple-biz/simple-hris/commit/3a97d121","pass.mts @1d3d1d07 (2026-09-23)",""
"Task","HRIS-02b","PAB Calculator & Rate Management","[HRIS] A stray individual catalog override paid one person PHP 279.99 an hour for eleven weeks — corrected forward-only, with the dated history row retained","Bug","Sprint 29","","Critical","Done","3","3","2026-09-15","4fe7258d","https://github.com/Simple-biz/simple-hris/commit/4fe7258d","pass.mts @c40151b4 (2026-09-16)",""
"Task","HRIS-04","Employee Dispute / Issue System","[HRIS] An approved time adjustment stored the wrong day’s total and became a pay cut — the value was cleared rather than the rule loosened","Bug","Sprint 29","","Critical","Done","2","2","2026-09-15","89ee046d","https://github.com/Simple-biz/simple-hris/commit/89ee046d","pass.mts @c40151b4 (2026-09-16)",""
"Task","HRIS-02a","Payroll Wizard","[HRIS] Start Processing plays one bounded cue and pops a modal on every other open Wizard and Dispatch, over its own topic that a late arrival never hears","Feature","Sprint 29","","Medium","Done","5","5","","ed6c92ee b7b22f5b 9c674472","https://github.com/Simple-biz/simple-hris/commit/9c674472","pass.mts @c40151b4 (2026-09-16); no Done date recorded in the repo",""
"Task","HRIS-09","Employee Self-Service Portal","[HRIS] The payroll lock banner named a tab that no longer exists, so every employee read it on every tab — the detail is now required and written per tab","Bug","Sprint 29","","High","Done","3","3","","53237600 fb04c0ec","https://github.com/Simple-biz/simple-hris/commit/fb04c0ec","pass.mts @c40151b4 (2026-09-16); no Done date recorded in the repo",""
"Task","HRIS-18","Documents Center & E-Signing","[HRIS] A failing Documents request showed the JSON parser’s complaint instead of the cause — every response is read through one guarded reader","Bug","Sprint 29","","High","Done","3","3","","ff20a737 e80df0f8","https://github.com/Simple-biz/simple-hris/commit/e80df0f8","pass.mts @c40151b4 (2026-09-16); no Done date recorded in the repo",""
"Task","HRIS-18","Documents Center & E-Signing","[HRIS] The Accounting Documents tab no longer reloads itself on every tab switch, and a cached null can never pop the signature dialog","Feature","Sprint 29","","Medium","Done","3","3","","1f7e2078","https://github.com/Simple-biz/simple-hris/commit/1f7e2078","pass.mts @c40151b4 (2026-09-16); no Done date recorded in the repo",""
"Task","HRIS-15","Platform, Admin & Observability","[HRIS] The reference docs and UI standards catch up with the Sep 14 work, and the Dispatch step drops a pill that stopped being true","Chore","Sprint 29","","Low","Done","2","2","","f8855cab 987929f3 9f613bdc 27da1f2f","https://github.com/Simple-biz/simple-hris/commit/27da1f2f","pass.mts @c40151b4 (2026-09-16); no Done date recorded in the repo",""
"Task","HRIS-07","MESA Integration","[HRIS] FPU classes with an enrollment window — HR approves seats in bulk, and Mark completed opens MESA","Feature","Sprint 29","","High","Done","8","8","","","","plan (Done at create); no date in the repo",""
"Task","HRIS-07","MESA Integration","[HRIS] FPU classes and enrollments go live over their own Broadcast topic, with a 15 second poll floor","Feature","Sprint 29","","Medium","Done","3","3","","","","plan (Done at create); no date in the repo",""
"Task","HRIS-07","MESA Integration","[HRIS] FPU enrollment entries delete in bulk, and a denied entry blocks re-enrolling until HR removes it","Feature","Sprint 29","","Medium","Done","3","3","","","","plan (Done at create); no date in the repo",""
"Task","HRIS-07","MESA Integration","[HRIS] FPU enrollment closes at any time — the stamp outranks the dates, and the applicant list stays","Feature","Sprint 29","","High","Done","5","5","","","","plan (Done at create); no date in the repo",""
"Task","HRIS-07","MESA Integration","[HRIS] FPU groups, weekly attendance, and the eligible split that opens MESA","Feature","Sprint 29","","High","Done","8","8","","","","plan (Done at create); no date in the repo",""
"Task","HRIS-07","MESA Integration","[HRIS] MESA Eligible drops every money column — who is in MESA, and since when","Feature","Sprint 29","","Low","Done","2","2","","","","plan (Done at create); no date in the repo",""
"Task","HRIS-07","MESA Integration","[HRIS] The HR MESA tabs paint from cache, and MESA Eligible’s own cache key was the documented bug","Feature","Sprint 29","","Medium","Done","3","3","","","","plan (Done at create); no date in the repo",""
"Task","HRIS-07","MESA Integration","[HRIS] The FPU Classes surface loads silently, carries skeletons and motion, and leads the HR MESA tab","Chore","Sprint 29","","Low","Done","3","3","","","","plan (Done at create); no date in the repo",""
"Task","HRIS-15","Platform, Admin & Observability","[HRIS] Webhooks and Integrations — per-column grants, key expiry, DB-counted rate limits and two pinned MCP tools","Feature","Sprint 29","","High","Done","8","8","","","","plan (Done at create); no date in the repo",""
"Task","HRIS-15","Platform, Admin & Observability","[HRIS] New client is a four-step slideshow, and the Integrations panel reads Console-plain","Feature","Sprint 29","","Medium","Done","5","5","","","","plan (Done at create); no date in the repo",""
"Task","HRIS-15","Platform, Admin & Observability","[HRIS] The Admin tab cache — one store, one page, and a paint that never decides","Feature","Sprint 29","","Medium","Done","3","3","","","","plan (Done at create); no date in the repo",""
"Task","HRIS-03c","Vendors & Orphanage Payments","[HRIS] The Orphanage step gets an Orphanage Management System tab — approved hours pulled on request, never on a poll","Feature","Sprint 29","","High","Done","5","5","","","","plan (Done at create); no date in the repo",""
"Task","HRIS-03c","Vendors & Orphanage Payments","[HRIS] The OMS tab saves a pull into the HRIS’s own table of hours, never into orphanage pay","Feature","Sprint 29","","High","Done","5","5","","","","plan (Done at create); no date in the repo",""
"Task","HRIS-17","Tickets & Support Board (Kanban)","[HRIS] The Employee Support data layer and its four pure rules, with support hours kept in Eastern time","Feature","Sprint 29","","Medium","Done","5","5","","","","plan (Done at create); no date in the repo",""
"Task","HRIS-11","CEO / Executive Suite","[HRIS] A Penny pay week adds up — hourly pay plus bonus minus MESA equals what was dispatched, in both currencies","Bug","Sprint 29","","Critical","Done","8","8","","","","plan (Done at create); no date in the repo",""
"Task","HRIS-18","Documents Center & E-Signing","[HRIS] The certificate of employment names the team in words, never a raw department key","Bug","Sprint 29","","Medium","Done","2","2","","","","plan (Done at create); no date in the repo",""
"Task","HRIS-18","Documents Center & E-Signing","[HRIS] The certificate of employment is measured blind to KPI bonuses paid through the wizard’s Adj. column","Spike","Sprint 29","","High","Done","2","2","","","","plan (Done at create); no date in the repo",""
"Task","HRIS-03a","Payment Dispatch","[HRIS] The Wires plate says WIRES, and the dispatch rail is plates alone when the sidebar is open","Feature","Sprint 29","","Medium","Done","3","3","","","","plan (Done at create); no date in the repo",""
"Task","HRIS-23","People Directory & Pay Governance","[HRIS] A termination refusal no longer claims someone is still on the clock when they had already left","Bug","Sprint 29","","High","Done","2","2","","","","plan (Done at create); no date in the repo",""
"Task","HRIS-15","Platform, Admin & Observability","[HRIS] The Orphanage and Dispatch wizard steps lose a gradient banner and three blocks of prose","Chore","Sprint 29","","Low","Done","1","1","","","","plan (Done at create); no date in the repo",""
"Task","HRIS-05","RBAC, Security & Access Control","[HRIS] The security audit re-read against current source — nine findings newly closed, thirteen only partly closed, and the worst hole is not one of the eighty","Spike","Sprint 29","","High","Done","2","2","2026-09-17","480d31dc 3119740e","https://github.com/Simple-biz/simple-hris/commit/3119740e","pass.mts @b5d61fda (2026-09-22)",""
"Task","HRIS-15","Platform, Admin & Observability","[HRIS] Diagnostics draws three dashboard-scoped service maps from one probe response — a scoped map reports only on the nodes it draws","Feature","Sprint 29","","Medium","Done","5","5","2026-09-18","8ea8ecf2 65a199bb","https://github.com/Simple-biz/simple-hris/commit/65a199bb","pass.mts @b5d61fda (2026-09-22)",""
"Task","HRIS-32","Gifts & Milestones Tracker","[HRIS] An employee can name somebody else to receive a tenure gift — the courier still calls the employee, and the three recipient columns move as a set","Feature","Sprint 29","","Medium","Done","5","5","2026-09-18","6dba7f86 c606d742","https://github.com/Simple-biz/simple-hris/commit/c606d742","pass.mts @b5d61fda (2026-09-22)",""
"Task","HRIS-32","Gifts & Milestones Tracker","[HRIS] The Gift Tracker can be asked which parcels go to someone else — a toggle beside the fulfilment filter, never a fifth option inside it","Feature","Sprint 29","","Low","Done","2","2","2026-09-21","06137741","https://github.com/Simple-biz/simple-hris/commit/06137741","pass.mts @1d3d1d07 (2026-09-23)",""
"Task","HRIS-17","Tickets & Support Board (Kanban)","[HRIS] Employee Support live chat — the queue, the on-queue agents, and the ticket a chat becomes whether nobody answers or an agent addresses it","Feature","Sprint 30","","High","Done","8","8","2026-10-02","00faf88f e59a16ea d5ad2d72 a9b291f7 b0c8df48 26292c44","https://github.com/Simple-biz/simple-hris/commit/26292c44","pass.mts @76296bad (2026-10-02)",""
"Task","HRIS-17","Tickets & Support Board (Kanban)","[HRIS] The Employee Support triage and lifecycle rules and the columns behind them — ranking is the promotion, and whoever touches a ticket first holds it","Feature","Sprint 29","","High","Done","5","5","2026-09-21","ba1b132f 8c7d1be0","https://github.com/Simple-biz/simple-hris/commit/8c7d1be0","pass.mts @b5d61fda (2026-09-22)",""
"Task","HRIS-17","Tickets & Support Board (Kanban)","[HRIS] Employee Support reaches the employee — a Help button with two doors, and the ticket they file, track and reopen behind one of them","Feature","Sprint 30","","High","Done","8","8","2026-10-02","386c5c10 b5f82467","https://github.com/Simple-biz/simple-hris/commit/b5f82467","pass.mts @76296bad (2026-10-02)",""
"Task","HRIS-17","Tickets & Support Board (Kanban)","[HRIS] The Employee Support staff board’s read and triage API — two stages, and every claim, rank and reassign a compare-and-set","Feature","Sprint 30","","High","Done","8","8","2026-10-02","26292c44","https://github.com/Simple-biz/simple-hris/commit/26292c44","pass.mts @76296bad (2026-10-02)",""
"Task","HRIS-17","Tickets & Support Board (Kanban)","[HRIS] The dev Kanban stopped waiting on a roles fetch to render, and Support Tickets joined the rail as its own tab","Bug","Sprint 29","","Critical","Done","3","3","2026-09-21","2e542207","https://github.com/Simple-biz/simple-hris/commit/2e542207","pass.mts @b5d61fda (2026-09-22)",""
"Task","HRIS-06","KPI Calculator & Payment Catalog","[HRIS] Discovery can add an external member to its KPI calculator","Feature","Sprint 29","","Medium","Done","2","2","2026-09-21","769328a0","https://github.com/Simple-biz/simple-hris/commit/769328a0","pass.mts @1d3d1d07 (2026-09-23)",""
"Task","HRIS-17","Tickets & Support Board (Kanban)","[HRIS] The Support Tickets staff board renders its own queue, and staff can reply to a ticket","Feature","Sprint 30","","High","Done","5","5","2026-10-02","240192e2","https://github.com/Simple-biz/simple-hris/commit/240192e2","pass.mts @76296bad (2026-10-02)",""
"Task","HRIS-06","KPI Calculator & Payment Catalog","[HRIS] Edit Department manager access is scoped — one list per HSL sub-team, never one collapsed family list","Feature","Sprint 29","","Medium","Done","5","5","2026-09-21","e7cb87ac","https://github.com/Simple-biz/simple-hris/commit/e7cb87ac","pass.mts @1d3d1d07 (2026-09-23)",""
"Task","HRIS-26","Department Transfers v2","[HRIS] The Edit Department People step moves someone as a real department transfer, never a registry note","Feature","Sprint 29","","Medium","Done","5","5","2026-09-21","efcbeaf0","https://github.com/Simple-biz/simple-hris/commit/efcbeaf0","pass.mts @1d3d1d07 (2026-09-23)",""
"Task","HRIS-06","KPI Calculator & Payment Catalog","[HRIS] Built-in departments can have sub-departments, HSL included — code teams pinned, data teams under hsl: labels","Feature","Sprint 29","","High","Done","8","8","2026-09-21","5bffa558 88067b71 a362e0cd","https://github.com/Simple-biz/simple-hris/commit/a362e0cd","pass.mts @1d3d1d07 (2026-09-23)",""
"Task","HRIS-08","Bonus Engine","[HRIS] A Bonus Library bonus can target one sub-team — it lands on the parent card and reaches only that team’s members","Feature","Sprint 29","","Medium","Done","5","5","2026-09-21","6077da7d 40c35b7b","https://github.com/Simple-biz/simple-hris/commit/40c35b7b","pass.mts @1d3d1d07 (2026-09-23)",""
"Task","HRIS-26","Department Transfers v2","[HRIS] A data HSL sub-team can be transferred into and granted — every transfer, HR and roles surface reads the sub-team map","Bug","Sprint 29","","High","Done","5","5","2026-09-22","b3be176d f7acb469","https://github.com/Simple-biz/simple-hris/commit/f7acb469","pass.mts @1d3d1d07 (2026-09-23)",""
"Task","HRIS-30","HSL KPI 2026-07 Overhaul & Week-Model Cutover","[HRIS] A Bonus Library bonus assigned to an HSL sub-team is scored on that team’s KPI card, with its inputs named","Feature","Sprint 29","","Medium","Done","5","5","2026-09-22","ac934997 0927290a","https://github.com/Simple-biz/simple-hris/commit/0927290a","pass.mts @1d3d1d07 (2026-09-23)",""
"Task","HRIS-30","HSL KPI 2026-07 Overhaul & Week-Model Cutover","[HRIS] A data HSL sub-team is a scoreable branch, so it appears in KPI Submissions","Feature","Sprint 29","","Medium","Done","3","3","2026-09-22","f92cbe52","https://github.com/Simple-biz/simple-hris/commit/f92cbe52","pass.mts @1d3d1d07 (2026-09-23)",""
"Task","HRIS-02a","Payroll Wizard","[HRIS] The Payroll Wizard pays a data HSL sub-team — staffed, railed and paid, not just scoreable","Bug","Sprint 29","","Critical","Done","5","5","2026-09-22","0f32d323","https://github.com/Simple-biz/simple-hris/commit/0f32d323","pass.mts @1d3d1d07 (2026-09-23)",""
"Task","HRIS-30","HSL KPI 2026-07 Overhaul & Week-Model Cutover","[HRIS] Intake and Filing Specialist are scored from the Payment Catalog — the code rules are retired and the Library programme is the one rule","Feature","Sprint 29","","High","Done","5","5","2026-09-22","b3dc6a98 f8ef11a4 e230972d","https://github.com/Simple-biz/simple-hris/commit/e230972d","pass.mts @1d3d1d07 (2026-09-23)",""
"Task","HRIS-14","Integrations (Google Sheets / Workspace / Hubstaff)","[HRIS] A department transfer no longer forks a second master-list row","Bug","Sprint 29","","High","Done","3","3","2026-09-21","ea980676","https://github.com/Simple-biz/simple-hris/commit/ea980676","pass.mts @1d3d1d07 (2026-09-23)",""
"Task","HRIS-01","Employee Onboarding & Data Management","[HRIS] One definition of an active employee — the master list reconciled and the upload gate dropped, both counts equal","Chore","Sprint 29","","High","Done","5","5","2026-09-21","8635cb07 5163c5b4 35f6a5ab 6738bf90 8703f737 5bd59ed0","https://github.com/Simple-biz/simple-hris/commit/5bd59ed0","pass.mts @feab043f (2026-09-23)",""
"Task","HRIS-15","Platform, Admin & Observability","[HRIS] A diagnostics probe catches the two definitions of an active employee drifting apart","Feature","Sprint 29","","Medium","Done","3","3","2026-09-21","610adf41","https://github.com/Simple-biz/simple-hris/commit/610adf41","pass.mts @1d3d1d07 (2026-09-23)",""
"Task","HRIS-14","Integrations (Google Sheets / Workspace / Hubstaff)","[HRIS] The external API pages on a UUID cursor — REST and MCP paging had never worked past the first page","Bug","Sprint 29","","High","Done","3","3","2026-09-21","8160d05e","https://github.com/Simple-biz/simple-hris/commit/8160d05e","pass.mts @1d3d1d07 (2026-09-23)",""
"Task","HRIS-06","KPI Calculator & Payment Catalog","[HRIS] Payment Catalog paints from the Accounting tab cache","Feature","Sprint 29","","Low","Done","3","3","2026-09-21","1758cdc2","https://github.com/Simple-biz/simple-hris/commit/1758cdc2","pass.mts @1d3d1d07 (2026-09-23)",""
"Task","HRIS-09","Employee Self-Service Portal","[HRIS] Employee Current Paycycle — the in-flight week broken down beside an eight-step payroll track","Feature","Sprint 29","","Medium","Done","5","5","2026-09-22","e3ee5541 6bc14901 b351bdd7","https://github.com/Simple-biz/simple-hris/commit/b351bdd7","pass.mts @1d3d1d07 (2026-09-23)",""
"Task","HRIS-02a","Payroll Wizard","[HRIS] Payroll Wizard Step 2 labels a first paycheck from Hubstaff history, never from a start date","Feature","Sprint 29","","Medium","Done","5","5","2026-09-22","e33e3cfd dce1bb03 611d9c47","https://github.com/Simple-biz/simple-hris/commit/611d9c47","pass.mts @1d3d1d07 (2026-09-23)",""
"Task","HRIS-32","Gifts & Milestones Tracker","[HRIS] Gift Tracker Recently filled / updated — who used the link, and an alert to HR","Feature","Sprint 29","","Medium","Done","5","5","2026-09-25","7ee98b64","https://github.com/Simple-biz/simple-hris/commit/7ee98b64","pass.mts @64728b4b (2026-09-30)",""
"Task","HRIS-32","Gifts & Milestones Tracker","[HRIS] The Gift Tracker Submissions tab exports its own CSV at submission grain","Feature","Sprint 29","","Low","Done","3","3","2026-09-22","b3d5d05e","https://github.com/Simple-biz/simple-hris/commit/b3d5d05e","pass.mts @1d3d1d07 (2026-09-23)",""
"Task","HRIS-32","Gifts & Milestones Tracker","[HRIS] The Gift Tracker drops its hero banner for four stat tiles","Chore","Sprint 29","","Low","Done","1","1","2026-09-23","ca8bbcb2","https://github.com/Simple-biz/simple-hris/commit/ca8bbcb2","pass.mts @1d3d1d07 (2026-09-23)",""
"Task","HRIS-32","Gifts & Milestones Tracker","[HRIS] The gift address link finds its owner by an alternate work email, and the code goes to that address","Bug","Sprint 29","","High","Done","3","3","2026-09-23","123b6457","https://github.com/Simple-biz/simple-hris/commit/123b6457","pass.mts @1d3d1d07 (2026-09-23)",""
"Task","HRIS-07","MESA Integration","[HRIS] A MESA member the ledger says is saving but payroll never charges is badged, not silent","Bug","Sprint 29","","High","Done","3","3","2026-09-22","85e9fe76 3a97d121","https://github.com/Simple-biz/simple-hris/commit/3a97d121","pass.mts @1d3d1d07 (2026-09-23)",""
"Task","HRIS-02a","Payroll Wizard","[HRIS] An approved time adjustment is paid on one week only, and the pay stub prints it as its own line","Bug","Sprint 29","","Critical","Done","5","5","2026-09-22","6f2bdc32","https://github.com/Simple-biz/simple-hris/commit/6f2bdc32","pass.mts @1d3d1d07 (2026-09-23)",""
"Task","HRIS-09","Employee Self-Service Portal","[HRIS] Five cold Employee dashboard tabs join the reload cache, and the cached rate row carries no bank routing","Feature","Sprint 29","","Medium","Done","5","5","2026-09-22","58d62793","https://github.com/Simple-biz/simple-hris/commit/58d62793","pass.mts @1d3d1d07 (2026-09-23)",""
"Task","HRIS-15","Platform, Admin & Observability","[HRIS] The Admin tab cache widens to Roles and one projected roster key, with the audit log kept out","Feature","Sprint 29","","Low","Done","3","3","2026-09-22","1714a096","https://github.com/Simple-biz/simple-hris/commit/1714a096","pass.mts @1d3d1d07 (2026-09-23)",""
"Task","HRIS-15","Platform, Admin & Observability","[HRIS] QC, Contractor and Tickets get cache stores from one shared factory","Feature","Sprint 29","","Low","Done","5","5","2026-09-22","cb0895df","https://github.com/Simple-biz/simple-hris/commit/cb0895df","pass.mts @1d3d1d07 (2026-09-23)",""
"Task","HRIS-03c","Vendors & Orphanage Payments","[HRIS] The Orphanage cache store gets its doc, Recent Submissions and Gift Catalog join it, and the bank-row tabs stay out on purpose","Chore","Sprint 29","","Low","Done","2","2","2026-09-22","b01853ba","https://github.com/Simple-biz/simple-hris/commit/b01853ba","pass.mts @1d3d1d07 (2026-09-23)",""
"Task","HRIS-02a","Payroll Wizard","[HRIS] The wizard’s HSL KPI Bonus column shows the amount dispatch actually pays","Bug","Sprint 29","","Critical","Done","3","3","2026-09-22","db5e87ff","https://github.com/Simple-biz/simple-hris/commit/db5e87ff","pass.mts @1d3d1d07 (2026-09-23)",""
"Task","HRIS-03b","Paystub Dispatch","[HRIS] The Step-8 pay stub preview marks a figure it does not have as pending or unavailable instead of printing it","Feature","Sprint 29","","High","Done","5","5","2026-09-22","38b9df2d 855caa92","https://github.com/Simple-biz/simple-hris/commit/855caa92","pass.mts @1d3d1d07 (2026-09-23)",""
"Task","HRIS-15","Platform, Admin & Observability","[HRIS] The hardening skill closes the documentation in the same commit as the code","Chore","Sprint 29","","Low","Done","2","2","2026-09-22","ef6bca26","https://github.com/Simple-biz/simple-hris/commit/ef6bca26","pass.mts @1d3d1d07 (2026-09-23)",""
"Task","HRIS-15","Platform, Admin & Observability","[HRIS] The reference docs index every route and component, and three false coverage claims become measured counts","Chore","Sprint 29","","Low","Done","3","3","2026-09-22","30d38244 8d2f7930 6a776c7f","https://github.com/Simple-biz/simple-hris/commit/6a776c7f","pass.mts @1d3d1d07 (2026-09-23)",""
"Task","HRIS-15","Platform, Admin & Observability","[HRIS] Toasts no longer render twice — the per-dashboard Toasters that duplicated the root one are gone","Bug","Sprint 29","","Low","Done","1","1","2026-09-23","217544cd","https://github.com/Simple-biz/simple-hris/commit/217544cd","pass.mts @1d3d1d07 (2026-09-23)",""
"Task","HRIS-30","HSL KPI 2026-07 Overhaul & Week-Model Cutover","[HRIS] The HSL Branches KPI calculator can score the upcoming week","Bug","Sprint 29","","Medium","Done","2","2","2026-09-23","00cd5eac","https://github.com/Simple-biz/simple-hris/commit/00cd5eac","pass.mts @a9119036 (2026-10-02)",""
"Task","HRIS-23","People Directory & Pay Governance","[HRIS] The Accounting → People Pay button shows only for the CEO — the button, not the pay route","Feature","Sprint 29","","Medium","Done","1","1","2026-09-23","131289f7","https://github.com/Simple-biz/simple-hris/commit/131289f7","pass.mts @a9119036 (2026-10-02)",""
"Task","HRIS-32","Gifts & Milestones Tracker","[HRIS] Anniversary Gifts pick their gift from Gift items, items show a reference price again, and the free-form Suggestions card is gone","Feature","Sprint 29","","Low","Done","3","3","2026-09-23","d4cf4d17 d73f5db2 b386f258","https://github.com/Simple-biz/simple-hris/commit/b386f258","pass.mts @a9119036 (2026-10-02)",""
"Task","HRIS-32","Gifts & Milestones Tracker","[HRIS] Gift Tracker Orders — approved gifts are locked into a priced PDF invoice, and the tab badge counts the gifts still open","Feature","Sprint 29","","High","Done","8","8","2026-09-23","c98b0a99 ec77a51d 923d7956","https://github.com/Simple-biz/simple-hris/commit/923d7956","pass.mts @a9119036 (2026-10-02)",""
"Task","HRIS-32","Gifts & Milestones Tracker","[HRIS] A Gift Tracker order invoice can be deleted, and locking one shows a Creating invoice overlay","Feature","Sprint 29","","Medium","Done","2","2","2026-09-23","c6f4d06f","https://github.com/Simple-biz/simple-hris/commit/c6f4d06f","pass.mts @a9119036 (2026-10-02)",""
"Task","HRIS-32","Gifts & Milestones Tracker","[HRIS] The Gift Tracker Submissions tab pages at 20","Feature","Sprint 29","","Low","Done","1","1","2026-09-23","b47bb153","https://github.com/Simple-biz/simple-hris/commit/b47bb153","pass.mts @a9119036 (2026-10-02)",""
"Task","HRIS-28","CEO “Penny” AI Assistant & Live KPIs","[HRIS] CEO Penny runs on Opus 5.5 with every Admin tool, and can map who holds access over whom","Feature","Sprint 29","","Medium","Done","5","5","2026-09-23","643d25af","https://github.com/Simple-biz/simple-hris/commit/643d25af","pass.mts @a9119036 (2026-10-02)",""
"Task","HRIS-18","Documents Center & E-Signing","[HRIS] A leaver with no master row gets termination documents from the pay ledger, never by writing a master row back, and the starting rate is optional","Bug","Sprint 29","","High","Done","5","5","2026-09-28","ca36e17e 6565022d","https://github.com/Simple-biz/simple-hris/commit/6565022d","pass.mts @a9119036 (2026-10-02)",""
"Task","HRIS-03a","Payment Dispatch","[HRIS] The Payment Dispatch hero leads with the pay week — one Start/Stop control, no heading or source filename, and a finished processor shows a green check","Feature","Sprint 29","","Low","Done","3","3","2026-09-24","e7f67ad2 f957cb10 d309dc61 277352b0","https://github.com/Simple-biz/simple-hris/commit/277352b0","pass.mts @a9119036 (2026-10-02)",""
"Task","HRIS-03a","Payment Dispatch","[HRIS] A failed pay read on Payment Dispatch shows an error instead of claiming no Hubstaff cycle was uploaded","Bug","Sprint 29","","High","Done","1","1","2026-09-24","9e775ef6","https://github.com/Simple-biz/simple-hris/commit/9e775ef6","pass.mts @a9119036 (2026-10-02)",""
"Task","HRIS-01a","Employee Onboarding & Offboarding Automation","[HRIS] A rehire’s promote reactivates their own off-boarded master row instead of leaving them invisible, and refuses a row on a different personal email","Bug","Sprint 29","","Critical","Done","3","3","2026-09-24","e41ce525","https://github.com/Simple-biz/simple-hris/commit/e41ce525","pass.mts @a9119036 (2026-10-02)",""
"Task","HRIS-06","KPI Calculator & Payment Catalog","[HRIS] The Payment Catalog re-reads the roster on refetch, so a transfer moves the sub-team headcounts","Bug","Sprint 29","","Medium","Done","2","2","2026-09-24","327f5d94","https://github.com/Simple-biz/simple-hris/commit/327f5d94","pass.mts @a9119036 (2026-10-02)",""
"Task","HRIS-03b","Paystub Dispatch","[HRIS] A Personal Email cell holding a name instead of an address no longer wins paystub delivery, and five of the six paystubs it blocked are sent","Bug","Sprint 29","","High","Done","3","3","2026-09-24","2a4ab788 a09ba22d","https://github.com/Simple-biz/simple-hris/commit/a09ba22d","pass.mts @a9119036 (2026-10-02)",""
"Task","HRIS-19","Bank Preferred Governance & WIRES Lock","[HRIS] Employees can no longer pick their sending bank — only Accounting sets it, and the approval queue is retired","Feature","Sprint 29","","High","Done","5","5","2026-09-24","6cabcff3","https://github.com/Simple-biz/simple-hris/commit/6cabcff3","pass.mts @a9119036 (2026-10-02)",""
"Task","HRIS-09","Employee Self-Service Portal","[HRIS] The Employee Profile puts the ID card beside the information, matches the Overview navy in dark mode, and drops the Selected channel line","Chore","Sprint 29","","Low","Done","2","2","2026-09-27","aeb2efad b7e954c8 0d5e26e2","https://github.com/Simple-biz/simple-hris/commit/0d5e26e2","pass.mts @a9119036 (2026-10-02)",""
"Task","HRIS-26","Department Transfers v2","[HRIS] A manager may transfer someone out of a department they also manage, and never releases their own request","Bug","Sprint 29","","High","Done","3","3","2026-09-25","431b3914","https://github.com/Simple-biz/simple-hris/commit/431b3914","pass.mts @a9119036 (2026-10-02)",""
"Task","HRIS-17","Tickets & Support Board (Kanban)","[HRIS] Closing a Support ticket notifies the employee","Feature","Sprint 30","","Medium","Done","3","3","2026-10-02","e686963e","https://github.com/Simple-biz/simple-hris/commit/e686963e","pass.mts @76296bad (2026-10-02)",""
"Task","HRIS-25","Self-Serve Bank Update (OTP)","[HRIS] The bank-update OTP page and its code email warn that Simple never asks for a card number, CVV or expiry","Feature","Sprint 29","","High","Done","2","2","2026-09-25","d21a0a3b 87c407ff","https://github.com/Simple-biz/simple-hris/commit/87c407ff","pass.mts @a9119036 (2026-10-02)",""
"Task","HRIS-25","Self-Serve Bank Update (OTP)","[HRIS] The Missing Bank Info email carries the same card-safety warning — the live n8n workflow takes the new Build Recipients code","n8n Workflow","Sprint 30","","Medium","Done","1","1","2026-10-02","87c407ff","https://github.com/Simple-biz/simple-hris/commit/87c407ff","pass.mts @76296bad (2026-10-02)",""
"Task","HRIS-19","Bank Preferred Governance & WIRES Lock","[HRIS] The People Bank changes feed filters by bank type","Feature","Sprint 29","","Low","Done","2","2","2026-09-25","faf996f9","https://github.com/Simple-biz/simple-hris/commit/faf996f9","pass.mts @a9119036 (2026-10-02)",""
"Task","HRIS-06","KPI Calculator & Payment Catalog","[HRIS] The Current Banks Who banks here list has unique row keys","Bug","Sprint 29","","Low","Done","1","1","2026-09-25","85085bf5","https://github.com/Simple-biz/simple-hris/commit/85085bf5","pass.mts @a9119036 (2026-10-02)",""
"Task","HRIS-02a","Payroll Wizard","[HRIS] The Start Processing peer modal names who started it, and the cue is no longer cut at 12 seconds","Feature","Sprint 29","","Low","Done","2","2","2026-09-25","0f4667c5","https://github.com/Simple-biz/simple-hris/commit/0f4667c5","pass.mts @a9119036 (2026-10-02)",""
"Task","HRIS-23","People Directory & Pay Governance","[HRIS] People Search Bar — find a person by name or work email and read their bank details inline, as the first People tab","Feature","Sprint 29","","Medium","Done","5","5","2026-09-25","27225f85 9258059e b2c7de37","https://github.com/Simple-biz/simple-hris/commit/b2c7de37","pass.mts @a9119036 (2026-10-02)",""
"Task","HRIS-23","People Directory & Pay Governance","[HRIS] The Search Bar person record gets Profile, Payroll and PAB tabs, and Payroll counts the bonuses","Feature","Sprint 29","","Medium","Done","5","5","2026-09-28","7480c046","https://github.com/Simple-biz/simple-hris/commit/7480c046","pass.mts @a9119036 (2026-10-02)",""
"Task","HRIS-15","Platform, Admin & Observability","[HRIS] Integrations → Data catalog — every dataset outside systems may read, may one day read, or never will","Feature","Sprint 29","","Medium","Done","5","5","2026-09-25","ab361ae3 cbe1754f","https://github.com/Simple-biz/simple-hris/commit/cbe1754f","pass.mts @a9119036 (2026-10-02)",""
"Task","HRIS-01a","Employee Onboarding & Offboarding Automation","[HRIS] HR Onboarding loads every submission and staged hire past 1,000, and splits Archived from Archived/Complete","Bug","Sprint 29","","Critical","Done","3","3","2026-09-25","ae4e7392","https://github.com/Simple-biz/simple-hris/commit/ae4e7392","pass.mts @a9119036 (2026-10-02)",""
"Task","HRIS-01a","Employee Onboarding & Offboarding Automation","[HRIS] HR Onboarding All shows live submissions only, Archived gets its own pill, and the hero card and Lead Gen Bulk promote button are gone","Chore","Sprint 29","","Low","Done","2","2","2026-09-25","ed79a222 5c5cc077","https://github.com/Simple-biz/simple-hris/commit/5c5cc077","pass.mts @a9119036 (2026-10-02)",""
"Task","HRIS-15","Platform, Admin & Observability","[HRIS] Three more readers capped at 1,000 rows now page — the work-email taken set, the New Hire Checklist and the rates sync","Bug","Sprint 29","","High","Done","3","3","2026-09-25","40fd43d8 7adcae0d 8591e978","https://github.com/Simple-biz/simple-hris/commit/8591e978","pass.mts @a9119036 (2026-10-02)",""
"Task","HRIS-10","Manager & My Team","[HRIS] The AI/API Team’s own managers read SP Rankings on My Team, and the Employee tab stays Kane’s","Feature","Sprint 29","","Medium","Done","2","2","2026-09-26","ce76444c","https://github.com/Simple-biz/simple-hris/commit/ce76444c","pass.mts @a9119036 (2026-10-02)",""
"Task","HRIS-10","Manager & My Team","[HRIS] My Team Appointments ranking for Lead Gen and Callback — most appointments set, with tenure","Feature","Sprint 29","","Medium","Done","5","5","2026-09-26","3a0866cc","https://github.com/Simple-biz/simple-hris/commit/3a0866cc","pass.mts @a9119036 (2026-10-02)",""
"Task","HRIS-10","Manager & My Team","[HRIS] My Team Rankings leaderboard for appointment teams — average appointments per day, week and month","Feature","Sprint 29","","Medium","Done","5","5","2026-09-26","5db19364","https://github.com/Simple-biz/simple-hris/commit/5db19364","pass.mts @a9119036 (2026-10-02)",""
"Task","HRIS-10","Manager & My Team","[HRIS] PM Team Rankings rank by bonus earned, shown as KPI items","Feature","Sprint 29","","Medium","Done","5","5","2026-09-27","7dc15098","https://github.com/Simple-biz/simple-hris/commit/7dc15098","pass.mts @a9119036 (2026-10-02)",""
"Task","HRIS-10","Manager & My Team","[HRIS] KPI Rankings for every per-person KPI-bonus department, cached per department, with Client VA order-only","Feature","Sprint 29","","Medium","Done","5","5","2026-09-27","a738ff1f a7d39f5e","https://github.com/Simple-biz/simple-hris/commit/a7d39f5e","pass.mts @a9119036 (2026-10-02)",""
"Task","HRIS-10","Manager & My Team","[HRIS] Rankings gets a top-3 podium, a board-shaped skeleton and search by name or work email","Feature","Sprint 29","","Low","Done","3","3","2026-09-27","459d65a2 13e59805 34e31cab fe676f9d","https://github.com/Simple-biz/simple-hris/commit/fe676f9d","pass.mts @a9119036 (2026-10-02)",""
"Task","HRIS-10","Manager & My Team","[HRIS] Rankings View — one person’s KPI and ranking performance, week by week","Feature","Sprint 29","","Medium","Done","5","5","2026-09-28","16d958ba","https://github.com/Simple-biz/simple-hris/commit/16d958ba","pass.mts @a9119036 (2026-10-02)",""
"Task","HRIS-10","Manager & My Team","[HRIS] HR, QC and Accounting get KPI Rankings and View as team boards","Feature","Sprint 29","","Medium","Done","3","3","2026-09-28","3305969c","https://github.com/Simple-biz/simple-hris/commit/3305969c","pass.mts @a9119036 (2026-10-02)",""
"Task","HRIS-10","Manager & My Team","[HRIS] HSL sub-teams get KPI Rankings and View, ranked on the KPI Calculator’s stored bonus","Feature","Sprint 29","","Medium","Done","3","3","2026-09-28","505c3b2e 707fb1b0","https://github.com/Simple-biz/simple-hris/commit/707fb1b0","pass.mts @a9119036 (2026-10-02)",""
"Task","HRIS-21","Payroll Notes & Adjustments Bridge","[HRIS] The Overview Payroll Notes card tracks wizard Steps 1–8, open steps first, in place of New hires and Attrition","Feature","Sprint 29","","Medium","Done","5","5","2026-09-26","da7d22f5","https://github.com/Simple-biz/simple-hris/commit/da7d22f5","pass.mts @a9119036 (2026-10-02)",""
"Task","HRIS-02a","Payroll Wizard","[HRIS] The Hi Kane payroll cycle greeting lists the unfinished wizard steps and jumps to Step N","Feature","Sprint 29","","Low","Done","3","3","2026-09-26","5f22e91b","https://github.com/Simple-biz/simple-hris/commit/5f22e91b","pass.mts @a9119036 (2026-10-02)",""
"Task","HRIS-15","Platform, Admin & Observability","[HRIS] The blueprint skill takes its own recommendations and builds, stopping only for a closed NEEDS list","Chore","Sprint 29","","Low","Done","1","1","2026-09-26","6aa48b99","https://github.com/Simple-biz/simple-hris/commit/6aa48b99","pass.mts @64728b4b (2026-09-30)",""
"Task","HRIS-04","Employee Dispute / Issue System","[HRIS] The Issues table moves smoothly, and a time-adjustment proof opens in a viewer with Next and a preview strip","Feature","Sprint 29","","Low","Done","3","3","2026-09-26","2aebfde3","https://github.com/Simple-biz/simple-hris/commit/2aebfde3","pass.mts @a9119036 (2026-10-02)",""
"Task","HRIS-02a","Payroll Wizard","[HRIS] The Payroll Wizard’s all-uploads PAB merge is one streamed server call, byte-identical to the old result","Chore","Sprint 29","","Medium","Done","5","5","2026-09-27","f30f498c","https://github.com/Simple-biz/simple-hris/commit/f30f498c","pass.mts @a9119036 (2026-10-02)",""
"Task","HRIS-09","Employee Self-Service Portal","[HRIS] The Employee Overview PAB calendar follows a wizard PAB Period save live","Feature","Sprint 29","","Medium","Done","3","3","2026-09-28","bbdea24a","https://github.com/Simple-biz/simple-hris/commit/bbdea24a","pass.mts @a9119036 (2026-10-02)",""
"Task","HRIS-15","Platform, Admin & Observability","[HRIS] Every Payroll Wizard write leaves an audit row with the right actor, the Hubstaff uploader included","Feature","Sprint 29","","High","Done","5","5","2026-09-28","47e75366 6259f31b","https://github.com/Simple-biz/simple-hris/commit/6259f31b","pass.mts @a9119036 (2026-10-02)",""
"Task","HRIS-06","KPI Calculator & Payment Catalog","[HRIS] KPI Calculator Add External Member finds people in the manager’s other departments","Bug","Sprint 29","","Medium","Done","2","2","2026-09-28","a40076a6","https://github.com/Simple-biz/simple-hris/commit/a40076a6","pass.mts @a9119036 (2026-10-02)",""
"Task","HRIS-06","KPI Calculator & Payment Catalog","[HRIS] Lead Gen can save and lock its KPI week again — the replace-set delete no longer puts every kept id in the URL","Bug","Sprint 29","","Critical","Done","3","3","2026-09-28","889cce6a","https://github.com/Simple-biz/simple-hris/commit/889cce6a","pass.mts @a9119036 (2026-10-02)",""
"Task","HRIS-10","Manager & My Team","[HRIS] Orientation on My Team pages its weeks, and each week’s people, at 10","Feature","Sprint 29","","Low","Done","2","2","2026-09-28","a8507246","https://github.com/Simple-biz/simple-hris/commit/a8507246","pass.mts @a9119036 (2026-10-02)",""
"Task","HRIS-01a","Employee Onboarding & Offboarding Automation","[HRIS] The offboarding queue dialogs render light in light mode","Bug","Sprint 29","","Low","Done","1","1","2026-09-28","8423e710","https://github.com/Simple-biz/simple-hris/commit/8423e710","pass.mts @a9119036 (2026-10-02)",""
"Task","HRIS-30","HSL KPI 2026-07 Overhaul & Week-Model Cutover","[HRIS] Seven more HSL KPI branches are scored from the Payment Catalog — their hardcoded rules retired, and the Mgr column dropped","Feature","Sprint 29","","High","Done","5","5","2026-09-28","c9153d9a 6acb6579 5e3ca407 957ec0c0","https://github.com/Simple-biz/simple-hris/commit/957ec0c0","pass.mts @a9119036 (2026-10-02)",""
"Task","HRIS-06","KPI Calculator & Payment Catalog","[HRIS] KPI Calculator insight cards — department spotlight, top earner and the Sent-to-Accounting trend","Feature","Sprint 29","","Medium","Done","5","5","2026-09-28","98a9ecc7","https://github.com/Simple-biz/simple-hris/commit/98a9ecc7","pass.mts @a9119036 (2026-10-02)",""
"Task","HRIS-15","Platform, Admin & Observability","[HRIS] Carla gets a Jellyfish Jam play bubble every five active minutes","Feature","Sprint 29","","Low","Done","3","3","2026-09-28","89ec1f99 d9dc6322","https://github.com/Simple-biz/simple-hris/commit/d9dc6322","pass.mts @a9119036 (2026-10-02)",""
"Task","HRIS-03c","Vendors & Orphanage Payments","[HRIS] Send to OMS — the Orphanage step returns each person’s regular and OT hours and paid amount to OMS","Feature","Sprint 30","","High","Done","5","5","2026-10-07","0fa0b89d f082ba96 fc7c9d99 fde162ed","https://github.com/Simple-biz/simple-hris/commit/fde162ed","pass 2026-10-09 (written when applied)",""
"Task","HRIS-09","Employee Self-Service Portal","[HRIS] The Employee KPI Bonus figures refetch when the kpi.scored toast arrives, not after a reload","Bug","Sprint 30","","Medium","Done","2","2","2026-09-29","2a4695ee","https://github.com/Simple-biz/simple-hris/commit/2a4695ee","pass.mts @a9119036 (2026-10-02)",""
"Task","HRIS-03c","Vendors & Orphanage Payments","[HRIS] The Orphanage paste adds up a person’s repeated lines and prices the total once","Feature","Sprint 30","","High","Done","3","3","2026-09-29","0236d8e8","https://github.com/Simple-biz/simple-hris/commit/0236d8e8","pass.mts @a9119036 (2026-10-02)",""
"Task","HRIS-02a","Payroll Wizard","[HRIS] The Start Processing cue plays one minute, then fades out","Feature","Sprint 30","","Low","Done","1","1","2026-09-29","56e0a7f4","https://github.com/Simple-biz/simple-hris/commit/56e0a7f4","pass.mts @a9119036 (2026-10-02)",""
"Task","HRIS-06","KPI Calculator & Payment Catalog","[HRIS] KPI figures are live on every dashboard — a server Broadcast from all six KPI write routes","Feature","Sprint 30","","High","Done","5","5","2026-09-29","e7f5eb91","https://github.com/Simple-biz/simple-hris/commit/e7f5eb91","pass.mts @a9119036 (2026-10-02)",""
"Task","HRIS-03a","Payment Dispatch","[HRIS] Payment Dispatch holds every pending payee under US$15.00 at Threshold on load, and says how many","Feature","Sprint 30","","High","Done","5","5","2026-09-29","c7a437ff","https://github.com/Simple-biz/simple-hris/commit/c7a437ff","pass.mts @a9119036 (2026-10-02)",""
"Task","HRIS-03a","Payment Dispatch","[HRIS] The Pending and Excluded queues swap their violet avatar gradient for lime → green","Chore","Sprint 30","","Low","Done","1","1","2026-09-29","314dccad","https://github.com/Simple-biz/simple-hris/commit/314dccad","pass.mts @a9119036 (2026-10-02)",""
"Task","HRIS-30","HSL KPI 2026-07 Overhaul & Week-Model Cutover","[HRIS] The HSL Branches KPI Calculator gets the insight cards, and both calculators’ loading skeletons reserve the card row","Feature","Sprint 30","","Medium","Done","3","3","2026-09-29","3f2f1ea5 47f30fd2","https://github.com/Simple-biz/simple-hris/commit/47f30fd2","pass.mts @a9119036 (2026-10-02)",""
"Task","HRIS-05","RBAC, Security & Access Control","[HRIS] The Supabase Advisor’s four security errors are closed — RLS on three anon-writable tables, and active_employees runs as the caller","Bug","Sprint 30","","Critical","Done","5","5","2026-09-29","a3babfbb 81eb0299","https://github.com/Simple-biz/simple-hris/commit/81eb0299","pass.mts @64728b4b (2026-09-30)",""
"Task","HRIS-32","Gifts & Milestones Tracker","[HRIS] A received gift can no longer be flipped back, nobody records or clears their own gift, and Clear needs a written reason","Bug","Sprint 30","","High","Done","3","3","2026-09-29","e37022cc","https://github.com/Simple-biz/simple-hris/commit/e37022cc","pass.mts @a9119036 (2026-10-02)",""
"Task","HRIS-10","Manager & My Team","[HRIS] The Manager Bonus History tab is retired","Chore","Sprint 30","","Low","Done","2","2","2026-09-29","31fd9c0a","https://github.com/Simple-biz/simple-hris/commit/31fd9c0a","pass.mts @a9119036 (2026-10-02)",""
"Task","HRIS-15","Platform, Admin & Observability","[HRIS] The Sep 29 docs sweep — 31 sessions documented, Termination Letters and Update Bank Info get feature docs, and the reference and UI standards catch up","Chore","Sprint 30","","Low","Done","3","3","2026-09-29","28e8bbb0","https://github.com/Simple-biz/simple-hris/commit/28e8bbb0","pass.mts @a9119036 (2026-10-02)",""
"Task","HRIS-26","Department Transfers v2","[HRIS] Every Transfers list pages the whole table - HR, Accounting, Manager and the export","Bug","Sprint 30","","High","Done","3","3","2026-09-30","27082696 0f783bf4","https://github.com/Simple-biz/simple-hris/commit/0f783bf4","pass.mts @a9119036 (2026-10-02)",""
"Task","HRIS-02a","Payroll Wizard","[HRIS] The Payroll Wizard Validation step gets HRIS vs NPD - paste NPD's figures, match each work email to within a set number of cents, and list who is left out","Feature","Sprint 30","","High","Done","8","8","2026-09-30","e8c0cdba 7e6a50e3 9ed71b58 505e3a99 ff397af1 851777f6","https://github.com/Simple-biz/simple-hris/commit/851777f6","pass.mts @a9119036 (2026-10-02)",""
"Task","HRIS-02a","Payroll Wizard","[HRIS] Non-HSL hours are priced at 2dp from the Sep 27 pay week, so a pay stub's Hours x Rate multiplies out","Bug","Sprint 30","","Critical","Done","3","3","2026-09-30","ae33f9fd 57e712f9","https://github.com/Simple-biz/simple-hris/commit/57e712f9","pass.mts @a9119036 (2026-10-02)",""
"Task","HRIS-12","HR Operations Suite","[HRIS] Every HR tab paints from the tab cache, and the shared panels paint and then always refetch","Feature","Sprint 30","","Medium","Done","5","5","2026-10-01","70381811","https://github.com/Simple-biz/simple-hris/commit/70381811","pass.mts @a9119036 (2026-10-02)",""
"Task","HRIS-10","Manager & My Team","[HRIS] Cold Manager tabs paint from the cache, the Leaves tab included, with hire rows cached as a projection","Feature","Sprint 30","","Medium","Done","3","3","2026-10-01","9dbc17bc c5555f3d","https://github.com/Simple-biz/simple-hris/commit/c5555f3d","pass.mts @a9119036 (2026-10-02)",""
"Task","HRIS-15","Platform, Admin & Observability","[HRIS] Every Notifications panel gets Unread and Need Action tiles, and every card carries an Eastern time stamp","Feature","Sprint 30","","Medium","Done","3","3","2026-10-01","abf5f7a0","https://github.com/Simple-biz/simple-hris/commit/abf5f7a0","pass.mts @a9119036 (2026-10-02)",""
"Task","HRIS-12","HR Operations Suite","[HRIS] Opening HR Notifications no longer re-sends 140 onboarding notifications - the backfill asks per submission","Bug","Sprint 30","","High","Done","3","3","2026-10-01","97f1bdef","https://github.com/Simple-biz/simple-hris/commit/97f1bdef","pass.mts @a9119036 (2026-10-02)",""
"Task","HRIS-05","RBAC, Security & Access Control","[HRIS] OWASP Top 10 2025 security audit of HRIS - 52 findings, 6 Critical","Spike","Sprint 30","","High","Done","3","3","2026-10-01","d18ad5af","https://github.com/Simple-biz/simple-hris/commit/d18ad5af","pass.mts @a9119036 (2026-10-02)",""
"Task","HRIS-02a","Payroll Wizard","[HRIS] NPD, the New Payroll Dashboard - a paste-in sheet under Accounting with All Departments and HSL tabs, saved per pay week","Feature","Sprint 30","","High","Done","8","8","2026-10-01","f92527b3","https://github.com/Simple-biz/simple-hris/commit/f92527b3","pass.mts @76296bad (2026-10-02)",""
"Task","HRIS-02a","Payroll Wizard","[HRIS] NPD Lock in - a locked tab-week refuses every save in the database, confirmed in a modal with timestamps","Feature","Sprint 30","","High","Done","5","5","2026-10-02","f39bed0d 6a2c1f22","https://github.com/Simple-biz/simple-hris/commit/6a2c1f22","pass.mts @a9119036 (2026-10-02)",""
"Task","HRIS-02a","Payroll Wizard","[HRIS] NPD runs the Google Sheet's own formulas, editable from a right-click","Feature","Sprint 30","","High","Done","8","8","2026-10-02","a24daf85 f255de46","https://github.com/Simple-biz/simple-hris/commit/f255de46","pass.mts @a9119036 (2026-10-02)",""
"Task","HRIS-02a","Payroll Wizard","[HRIS] NPD syncs each tab from the Google Sheet for the wizard's current week, with a progress bar and a Last synced stamp","Feature","Sprint 30","","Medium","Done","5","5","2026-10-02","c28a7041 b9768e46 4b8fbff7","https://github.com/Simple-biz/simple-hris/commit/4b8fbff7","pass.mts @a9119036 (2026-10-02)",""
"Task","HRIS-02a","Payroll Wizard","[HRIS] NPD opens fast - a read-only cached picture, a skeleton while it loads, and a grid that draws only the rows in view","Feature","Sprint 30","","Medium","Done","5","5","2026-10-02","ee10cff5 bb7d675c ab6df389 1b4fa0a8","https://github.com/Simple-biz/simple-hris/commit/1b4fa0a8","pass.mts @a9119036 (2026-10-02)",""
"Task","HRIS-02a","Payroll Wizard","[HRIS] HRIS vs NPD Save output - an append-only saved version per pay week","Feature","Sprint 30","","High","Done","5","5","2026-10-01","ee8e5a8b","https://github.com/Simple-biz/simple-hris/commit/ee8e5a8b","pass.mts @76296bad (2026-10-02)",""
"Task","HRIS-06","KPI Calculator & Payment Catalog","[HRIS] Accounting Scoreboard in HRIS - Carla's sheet as a live board with 10 sections, a collections log and Setup, on its own domain","Feature","Sprint 30","","High","Done","8","8","2026-10-01","7458fc5a c3197d8d 54958e52","https://github.com/Simple-biz/simple-hris/commit/54958e52","pass.mts @a9119036 (2026-10-02)",""
"Task","HRIS-06","KPI Calculator & Payment Catalog","[HRIS] Accounting Scoreboard Payroll Timing from the Payroll Wizard's own start, with a stop-light Overview and a phone menu","Feature","Sprint 30","","Medium","Done","5","5","2026-10-01","c476ffe8 8a4a514d","https://github.com/Simple-biz/simple-hris/commit/8a4a514d","pass.mts @a9119036 (2026-10-02)",""
"Task","HRIS-06","KPI Calculator & Payment Catalog","[HRIS] Accounting Scoreboard history backfilled from Carla's sheet, with an archive page","Feature","Sprint 30","","Medium","Done","5","5","2026-10-01","789fb0fa","https://github.com/Simple-biz/simple-hris/commit/789fb0fa","pass.mts @a9119036 (2026-10-02)",""
"Task","HRIS-28","CEO “Penny” AI Assistant & Live KPIs","[HRIS] Admin Penny shows an employee's ID card - rendered by its own tool, never picked from the file list","Feature","Sprint 30","","Medium","Done","5","5","2026-10-02","9eda01e1","https://github.com/Simple-biz/simple-hris/commit/9eda01e1","pass.mts @a9119036 (2026-10-02)",""
"Task","HRIS-12","HR Operations Suite","[HRIS] HR onboarding Bypass and Save accept data sub-teams such as hsl:attorney","Bug","Sprint 30","","High","Done","3","3","2026-10-02","071297ce","https://github.com/Simple-biz/simple-hris/commit/071297ce","pass.mts @a9119036 (2026-10-02)",""
"Task","HRIS-15","Platform, Admin & Observability","[HRIS] The test suite is green again - 5,556 of 5,556 pass","Chore","Sprint 30","","Medium","Done","3","3","2026-10-02","88237d71","https://github.com/Simple-biz/simple-hris/commit/88237d71","pass.mts @a9119036 (2026-10-02)",""
"Task","HRIS-06","KPI Calculator & Payment Catalog","[HRIS] Salaried pay basis - a flat weekly salary on an individual Pay Structure, dated per person","Feature","Sprint 30","","Critical","Done","8","8","2026-10-02","4ef0da13","https://github.com/Simple-biz/simple-hris/commit/4ef0da13","pass.mts @a9119036 (2026-10-02)",""
"Task","HRIS-23","People Directory & Pay Governance","[HRIS] rob@ keeps View on People but never sees or files Pay","Feature","Sprint 30","","Medium","Done","3","3","2026-10-02","7c7f7046","https://github.com/Simple-biz/simple-hris/commit/7c7f7046","pass.mts @76296bad (2026-10-02)",""
"Task","HRIS-15","Platform, Admin & Observability","[HRIS] Story points start at 2 - the Monday skill retires 1 SP and makes 3 the default","Chore","Sprint 30","","Low","Done","2","2","2026-10-02","b9c658cc","https://github.com/Simple-biz/simple-hris/commit/b9c658cc","pass.mts @a9119036 (2026-10-02)",""
"Task","HRIS-11","CEO / Executive Suite","[HRIS] The CEO Overview loads like Accounting's - no full-page skeleton, and Payments to send paints from the cache","Feature","Sprint 30","","Medium","Done","3","3","2026-10-02","89b4347f","https://github.com/Simple-biz/simple-hris/commit/89b4347f","pass.mts @76296bad (2026-10-02)",""
"Task","HRIS-09","Employee Self-Service Portal","[HRIS] The Employee Dashboard shows a Loading your Employee Dashboard card on every cold load until the Overview is on screen","Feature","Sprint 30","","Medium","Done","3","3","2026-10-05","cd7fb08a 9762b30f f8f91c29","https://github.com/Simple-biz/simple-hris/commit/f8f91c29","pass.mts @43fc708f (2026-10-06)",""
"Task","HRIS-01a","Employee Onboarding & Offboarding Automation","[HRIS] Orientation no-shows go on the Offboarded list, and the 55 missing since the sheet era are backfilled","Feature","Sprint 30","","High","Done","5","5","2026-10-05","118c6b9b 0bb8dae4 20ac1b6d","https://github.com/Simple-biz/simple-hris/commit/20ac1b6d","pass.mts @43fc708f (2026-10-06)",""
"Task","HRIS-09","Employee Self-Service Portal","[HRIS] Employee Profile cold load skeletons only the pane - the hero and tabs render for real, and the ID card forms in","Feature","Sprint 30","","Medium","Done","3","3","2026-10-05","2af89fb6","https://github.com/Simple-biz/simple-hris/commit/2af89fb6","pass.mts @43fc708f (2026-10-06)",""
"Task","HRIS-12","HR Operations Suite","[HRIS] The HR Global Master List reads as a formal ledger - no gradient hero, Sync in the roster toolbar, 20 rows a page","Chore","Sprint 30","","Low","Done","3","3","2026-10-05","b46bb9f2 7667670a","https://github.com/Simple-biz/simple-hris/commit/7667670a","pass.mts @43fc708f (2026-10-06)",""
"Task","HRIS-01a","Employee Onboarding & Offboarding Automation","[HRIS] A work email that has ever been on anyone's record is never re-issued - set-work-email and the pending-hire edit both refuse it","Bug","Sprint 30","","High","Done","5","5","2026-10-05","7d46dd1a 80405fcd 51bb1d1b","https://github.com/Simple-biz/simple-hris/commit/51bb1d1b","pass.mts @43fc708f (2026-10-06)",""
"Task","HRIS-01a","Employee Onboarding & Offboarding Automation","[HRIS] An orientation mark re-dates only the hire's own master and Sheet row, and the 5 overwritten Start Dates are restored","Bug","Sprint 30","","High","Done","3","3","2026-10-05","3aa7a3e6","https://github.com/Simple-biz/simple-hris/commit/3aa7a3e6","pass.mts @43fc708f (2026-10-06)",""
"Task","HRIS-06","KPI Calculator & Payment Catalog","[HRIS] The KPI Calculator's QC first-pass rail and departed set paint from the KPI cache","Feature","Sprint 30","","Medium","Done","3","3","2026-10-05","d2b93c08","https://github.com/Simple-biz/simple-hris/commit/d2b93c08","pass.mts @43fc708f (2026-10-06)",""
"Task","HRIS-18","Documents Center & E-Signing","[HRIS] An employee-filed COE request emails its handler via n8n, with the recipient editable in Admin","Feature","Sprint 30","","Medium","Done","5","5","2026-10-05","c7c9f8a7","https://github.com/Simple-biz/simple-hris/commit/c7c9f8a7","pass.mts @43fc708f (2026-10-06)",""
"Task","HRIS-02a","Payroll Wizard","[HRIS] NPD shows a loading card per tab and week fed by the read's real steps, keeps a read left mid-load, and reads the other tab ahead","Feature","Sprint 30","","Medium","Done","5","5","2026-10-05","da77be2b","https://github.com/Simple-biz/simple-hris/commit/da77be2b","pass.mts @43fc708f (2026-10-06)",""
"Task","HRIS-07","MESA Integration","[HRIS] Every member-filed MESA request emails Accounting via n8n, and the recipients edited in Admin are the ones mailed","Feature","Sprint 30","","High","Done","5","5","2026-10-05","d2115d23 c78f8c5b","https://github.com/Simple-biz/simple-hris/commit/c78f8c5b","pass.mts @43fc708f (2026-10-06)",""
"Task","HRIS-07","MESA Integration","[HRIS] Accounting can archive a completed MESA request - Active and Archived views, row and bulk Archive","Feature","Sprint 30","","Medium","Done","3","3","2026-10-06","d2115d23","https://github.com/Simple-biz/simple-hris/commit/d2115d23","pass.mts @43fc708f (2026-10-06)",""
"Task","HRIS-07","MESA Integration","[HRIS] A MESA return carries its amount, and Review shows the balance after it","Feature","Sprint 30","","Medium","Done","3","3","2026-10-05","d2115d23","https://github.com/Simple-biz/simple-hris/commit/d2115d23","pass.mts @43fc708f (2026-10-06)",""
"Task","HRIS-02a","Payroll Wizard","[HRIS] Payroll Wizard PAB step - bulk Ignore on Needs review, and /api/pab-exclusions writes by compare-and-swap","Feature","Sprint 30","","High","Done","5","5","2026-10-05","3c9b2f47","https://github.com/Simple-biz/simple-hris/commit/3c9b2f47","pass.mts @43fc708f (2026-10-06)",""
"Task","HRIS-15","Platform, Admin & Observability","[HRIS] Every table's Refresh keeps its rows and opens a progress modal with one line per real read - 48 buttons","Feature","Sprint 30","","Medium","Done","8","8","2026-10-05","7d04a364","https://github.com/Simple-biz/simple-hris/commit/7d04a364","pass.mts @43fc708f (2026-10-06)",""
"Task","HRIS-03a","Payment Dispatch","[HRIS] Payment Dispatch never pays one person through another person's bank row, and promote never overwrites someone else's payout row","Bug","Sprint 30","","Critical","Done","5","5","2026-10-05","c9ecec7d 932942d9","https://github.com/Simple-biz/simple-hris/commit/932942d9","pass.mts @43fc708f (2026-10-06)",""
"Task","HRIS-15","Platform, Admin & Observability","[HRIS] No native dropdown or date input is left, and a picker popup a container would clip now escapes it","Feature","Sprint 30","","Medium","Done","5","5","2026-10-05","501e6cde 09618ab3","https://github.com/Simple-biz/simple-hris/commit/09618ab3","pass.mts @43fc708f (2026-10-06)",""
"Task","HRIS-07","MESA Integration","[HRIS] Accounting can suspend a member's MESA contribution from an effective date without opting out, and every MESA Action column is the same buttons","Feature","Sprint 30","","High","Done","8","8","2026-10-06","1f0a7350 972edc8d","https://github.com/Simple-biz/simple-hris/commit/972edc8d","pass 2026-10-09 (written when applied)",""
"Task","HRIS-07","MESA Integration","[HRIS] MESA saving but not deducted no longer counts opted-out members - saving needs an open account","Bug","Sprint 30","","Medium","Done","3","3","2026-10-06","55999aa5","https://github.com/Simple-biz/simple-hris/commit/55999aa5","pass 2026-10-09 (written when applied)",""
"Task","HRIS-23","People Directory & Pay Governance","[HRIS] The whole People tab paints from the cache - roster and summary as one entry, the week list, Statistics and Bank changes","Feature","Sprint 30","","Medium","Done","3","3","2026-10-06","8186145a","https://github.com/Simple-biz/simple-hris/commit/8186145a","pass 2026-10-09 (written when applied)",""
"Task","HRIS-02a","Payroll Wizard","[HRIS] PAB forgiveness stores no hours - an approved issue with no hours forgives its day outright, and the PAB Calendar shows and can revoke every forgiven date","Feature","Sprint 30","","High","Done","5","5","2026-10-09","33fccfbc ca4e5514","https://github.com/Simple-biz/simple-hris/commit/ca4e5514","pass 2026-10-09 (written when applied)",""
"Task","HRIS-12","HR Operations Suite","[HRIS] Mark Arriola's name-in-email ghost master row is retired - three People edits reverted, its stamp re-dated to 07-16, and its two Lead Gen bonus rows deleted","Chore","Sprint 30","","Low","Done","5","5","2026-10-07","976c58d9 e0f6773e 6ed59243 59d7908a 2077e215","https://github.com/Simple-biz/simple-hris/commit/2077e215","pass.mts @8e35f5eb (2026-10-08)",""
"Task","HRIS-30","HSL KPI 2026-07 Overhaul & Week-Model Cutover","[HRIS] SSD Medical Records is scored from its Payment Catalog formula - the colour-team workspace is gone","Feature","Sprint 30","","High","Done","5","5","2026-10-06","5fe90369","https://github.com/Simple-biz/simple-hris/commit/5fe90369","pass.mts @8e35f5eb (2026-10-08)",""
"Task","HRIS-02a","Payroll Wizard","[HRIS] HRIS vs NPD Export CSV - every row whatever the search or chip, with the person's paystub as Notes on a Mismatch or Not in NPD row","Feature","Sprint 30","","Medium","Done","5","5","2026-10-06","921ddfcd ae229888","https://github.com/Simple-biz/simple-hris/commit/ae229888","pass 2026-10-09 (written when applied)",""
"Task","HRIS-02a","Payroll Wizard","[HRIS] HRIS vs NPD leaves out anyone configured not to be paid this week - excluded or paused are not rows, and one line counts them","Bug","Sprint 30","","High","Done","3","3","2026-10-06","9129b1d0 7dbd82a3 089357f9","https://github.com/Simple-biz/simple-hris/commit/089357f9","pass 2026-10-09 (written when applied)",""
"Task","HRIS-02a","Payroll Wizard","[HRIS] HRIS vs NPD says why under every Mismatch, Not in HRIS and Not in NPD row, and Export CSV gains a Why column","Feature","Sprint 30","","High","Done","8","8","2026-10-06","fcd609ec","https://github.com/Simple-biz/simple-hris/commit/fcd609ec","pass 2026-10-09 (written when applied)",""
"Task","HRIS-10","Manager & My Team","[HRIS] My Team cold load paints the frame and skeletons only the data - rail entries, counts and roster rows","Feature","Sprint 30","","Medium","Done","3","3","2026-10-06","a2a9ad07","https://github.com/Simple-biz/simple-hris/commit/a2a9ad07","pass 2026-10-09 (written when applied)",""
"Task","HRIS-18","Documents Center & E-Signing","[HRIS] Proof of Residential Address letter - Accounting-only, issued signed from the Signing Queue","Feature","Sprint 30","","Medium","Done","8","8","2026-10-07","897b5237 5935c119","https://github.com/Simple-biz/simple-hris/commit/5935c119","pass.mts @8e35f5eb (2026-10-08)",""
"Task","HRIS-03b","Paystub Dispatch","[HRIS] An opened paystub in Dispatch Preview Emails has a Refresh - a background re-read of every outside source, with a strip naming the lines that moved","Feature","Sprint 30","","Medium","Done","5","5","2026-10-06","fbe841ba","https://github.com/Simple-biz/simple-hris/commit/fbe841ba","pass 2026-10-09 (written when applied)",""
"Task","HRIS-06","KPI Calculator & Payment Catalog","[HRIS] Accounting Scoreboard round 3 scoring - Buckets 10xC/(C+O), Payment Verified, PM No Meeting Streak, Chargebacks Open Disputes and Outcomes","Feature","Sprint 30","","Medium","Done","5","5","2026-10-06","66f40a60","https://github.com/Simple-biz/simple-hris/commit/66f40a60","pass 2026-10-09 (written when applied)",""
"Task","HRIS-06","KPI Calculator & Payment Catalog","[HRIS] Accounting Scoreboard typed Payroll Problems log, and custom sections on top of Setup","Feature","Sprint 30","","Medium","Done","5","5","2026-10-06","66f40a60","https://github.com/Simple-biz/simple-hris/commit/66f40a60","pass 2026-10-09 (written when applied)",""
"Task","HRIS-06","KPI Calculator & Payment Catalog","[HRIS] The Accounting Scoreboard paints from the browser cache - no loader on reload, no wait on a cached week, silent refreshes","Feature","Sprint 30","","Medium","Done","3","3","2026-10-06","2c7739e8","https://github.com/Simple-biz/simple-hris/commit/2c7739e8","pass 2026-10-09 (written when applied)",""
"Task","HRIS-06","KPI Calculator & Payment Catalog","[HRIS] The Accounting Scoreboard loading modal is accurate - the GET streams each group of reads, and the bar is green only once the board is painted","Feature","Sprint 30","","Medium","Done","5","5","2026-10-06","05b48730","https://github.com/Simple-biz/simple-hris/commit/05b48730","pass 2026-10-09 (written when applied)",""
"Task","HRIS-02a","Payroll Wizard","[HRIS] HRIS vs NPD reads NPD's locked sheets itself once both All Departments and HSL are locked, and Save output proves the feed against them","Feature","Sprint 30","","High","Done","5","5","2026-10-02","9d6225b6","https://github.com/Simple-biz/simple-hris/commit/9d6225b6","pass 2026-10-09 (written when applied)",""
"Task","HRIS-06","KPI Calculator & Payment Catalog","[HRIS] An Accounting Scoreboard custom section can sit inside a built-in tab, and the onboarding section becomes Sales - Payments","Feature","Sprint 30","","Medium","Done","3","3","2026-10-07","72f96e70","https://github.com/Simple-biz/simple-hris/commit/72f96e70","pass 2026-10-09 (written when applied)",""
"Task","HRIS-06","KPI Calculator & Payment Catalog","[HRIS] Every Accounting Scoreboard section can take a goal - Open Disputes is scored like Buckets, Outcomes on a win ratio, and a payroll problem line may be 0","Feature","Sprint 30","","Medium","Done","5","5","2026-10-07","0b8748f6 34b937a2","https://github.com/Simple-biz/simple-hris/commit/34b937a2","pass 2026-10-09 (written when applied)",""
"Task","HRIS-06","KPI Calculator & Payment Catalog","[HRIS] Carla's Team Score on the Accounting Scoreboard Overview, on the same pace as the lights","Feature","Sprint 30","","Medium","Done","3","3","2026-10-07","fb080059","https://github.com/Simple-biz/simple-hris/commit/fb080059","pass 2026-10-09 (written when applied)",""
"Task","HRIS-06","KPI Calculator & Payment Catalog","[HRIS] An Accounting Scoreboard section can be hidden from the Overview and the Team Score","Feature","Sprint 30","","Medium","Done","3","3","2026-10-07","476b6b9f","https://github.com/Simple-biz/simple-hris/commit/476b6b9f","pass 2026-10-09 (written when applied)",""
"Task","HRIS-06","KPI Calculator & Payment Catalog","[HRIS] The Accounting Scoreboard No Meeting Streak shows as this week's date pills","Feature","Sprint 30","","Medium","Done","3","3","2026-10-07","f770d29b","https://github.com/Simple-biz/simple-hris/commit/f770d29b","pass 2026-10-09 (written when applied)",""
"Task","HRIS-06","KPI Calculator & Payment Catalog","[HRIS] Accounting Scoreboard Losses and Pre-arb show negative with a Net, set by a flag and never a typed sign, and Pre-arb counts as a loss in the win ratio","Feature","Sprint 30","","Medium","Done","3","3","2026-10-07","63500994 c88c554c","https://github.com/Simple-biz/simple-hris/commit/c88c554c","pass 2026-10-09 (written when applied)",""
"Task","HRIS-06","KPI Calculator & Payment Catalog","[HRIS] A guarded script clears one week's untyped Payroll Problems grid counts on the Accounting Scoreboard","Chore","Sprint 30","","Low","Done","3","3","2026-10-08","42388492","https://github.com/Simple-biz/simple-hris/commit/42388492","pass.mts @8e35f5eb (2026-10-08)",""
"Task","HRIS-25","Self-Serve Bank Update (OTP)","[HRIS] Payout change safety on both self-service bank saves - a notice to acknowledge, and card and holder checks that ask to confirm and never block","Feature","Sprint 30","","High","Done","8","8","2026-10-07","eb9a0005","https://github.com/Simple-biz/simple-hris/commit/eb9a0005","pass 2026-10-09 (written when applied)",""
"Task","HRIS-25","Self-Serve Bank Update (OTP)","[HRIS] Self-service bank saves fail closed on an unreadable payroll lock, and the code check answers the same for every email","Bug","Sprint 30","","High","Done","3","3","2026-10-08","27e69bca","https://github.com/Simple-biz/simple-hris/commit/27e69bca","pass 2026-10-09 (written when applied)",""
"Task","HRIS-14","Integrations (Google Sheets / Workspace / Hubstaff)","[HRIS] The Offboarded list is a second dataset an external API key can read - REST and MCP, behind its own scope","Feature","Sprint 30","","High","Done","5","5","2026-10-07","4cf42388 cb0b94d4","https://github.com/Simple-biz/simple-hris/commit/cb0b94d4","pass.mts @8e35f5eb (2026-10-08)",""
"Task","HRIS-04","Employee Dispute / Issue System","[HRIS] Time adjustment requests filed under an alternate work email resolve to their owner","Bug","Sprint 30","","High","Done","3","3","2026-10-07","c073e076","https://github.com/Simple-biz/simple-hris/commit/c073e076","pass 2026-10-09 (written when applied)",""
"Task","HRIS-01a","Employee Onboarding & Offboarding Automation","[HRIS] A returned offboarding queue row notifies the requester and the department's managers","Feature","Sprint 30","","Medium","Done","3","3","2026-10-07","3e5f960e","https://github.com/Simple-biz/simple-hris/commit/3e5f960e","pass 2026-10-09 (written when applied)",""
"Task","HRIS-03c","Vendors & Orphanage Payments","[HRIS] The interns lock-in popup says it locks one week, split per intern","Feature","Sprint 30","","Medium","Done","3","3","2026-10-07","134ce6b9","https://github.com/Simple-biz/simple-hris/commit/134ce6b9","pass 2026-10-09 (written when applied)",""
"Task","HRIS-02a","Payroll Wizard","[HRIS] COP rates are stored as COP - the Colombians' hourly rates convert at each cycle's FX and still pay on their processor rails","Bug","Sprint 30","","Critical","Done","5","5","2026-10-07","14ea111a","https://github.com/Simple-biz/simple-hris/commit/14ea111a","pass 2026-10-09 (written when applied)",""
"Task","HRIS-06","KPI Calculator & Payment Catalog","[HRIS] The Oct 7 Carla and Alivia call becomes a 13-task round 4 plan in four waves, with one paste-ready session prompt per task","Spike","Sprint 30","","Medium","Done","3","3","2026-10-07","cf2b5ff5 9118312f 7ae4536c 9e4eee8e","https://github.com/Simple-biz/simple-hris/commit/9e4eee8e","pass 2026-10-09 (written when applied)",""
"Task","HRIS-15","Platform, Admin & Observability","[HRIS] The meeting-notes skill is ported from Gridline - a call writes its notes, its INDEX links and an Open items row for every ask","Chore","Sprint 30","","Low","Done","2","2","2026-10-07","cf2b5ff5","https://github.com/Simple-biz/simple-hris/commit/cf2b5ff5","pass 2026-10-09 (written when applied)",""
"Task","HRIS-05","RBAC, Security & Access Control","[HRIS] Security review - API keys on phones, certificate pinning and deep links, answered from the code and a production probe","Spike","Sprint 30","","Medium","Done","2","2","2026-10-02","e88315ac","https://github.com/Simple-biz/simple-hris/commit/e88315ac","pass 2026-10-09 (written when applied)",""
"Task","HRIS-15","Platform, Admin & Observability","[HRIS] The Monday evidence run lists the work Kane rules off the board and keeps it out of every row","Chore","Sprint 30","","Low","Done","2","2","2026-10-07","53c53342","https://github.com/Simple-biz/simple-hris/commit/53c53342","pass.mts @6cf851ad (2026-10-08)",""
"Task","HRIS-06","KPI Calculator & Payment Catalog","[HRIS] The Accounting Scoreboard has its own roles - Admin, Assistant and Team member, granted in Setup - and HRIS accounting alone no longer manages it","Feature","Sprint 30","","High","Done","5","5","2026-10-08","74f6d2ee 7ed5b3f8","https://github.com/Simple-biz/simple-hris/commit/7ed5b3f8","pass 2026-10-09 (written when applied)",""
"Task","HRIS-25","Self-Serve Bank Update (OTP)","[HRIS] Employees can report a payout account closed, deactivated or frozen, and Accounting sees it on Mark Paid and People before paying","Feature","Sprint 30","","High","Done","8","8","2026-10-08","20a1287a","https://github.com/Simple-biz/simple-hris/commit/20a1287a","pass 2026-10-09 (written when applied)",""
"Task","HRIS-23","People Directory & Pay Governance","[HRIS] People Banking shows how many times the paid account was paid successfully, before the reveal","Feature","Sprint 30","","Medium","Done","3","3","2026-10-08","cfb65d35","https://github.com/Simple-biz/simple-hris/commit/cfb65d35","pass 2026-10-09 (written when applied)",""
"Task","HRIS-06","KPI Calculator & Payment Catalog","[HRIS] The Accounting Scoreboard is live - a teammate's save shows on every open board in seconds over Supabase Realtime, and no value travels on the wire","Feature","Sprint 30","","Medium","Done","5","5","2026-10-08","01e49496","https://github.com/Simple-biz/simple-hris/commit/01e49496","pass 2026-10-09 (written when applied)",""
"Task","HRIS-06","KPI Calculator & Payment Catalog","[HRIS] Accounting Scoreboard per-person task boards - Carla's sheet tasks imported, each person ticks their own, an Everyone view, and Post to Chat","Feature","Sprint 30","","High","Done","8","8","2026-10-08","0ded334b","https://github.com/Simple-biz/simple-hris/commit/0ded334b","pass 2026-10-09 (written when applied)",""
"Task","HRIS-06","KPI Calculator & Payment Catalog","[HRIS] The Accounting Scoreboard task progress posts itself to the accounting Google Chat on Carla's schedule - daily at 3 PM, weekly Wed and Fri, monthly","Feature","Sprint 30","","Medium","Done","5","5","2026-10-08","5079c89e","https://github.com/Simple-biz/simple-hris/commit/5079c89e","pass 2026-10-09 (written when applied)",""
"Task","HRIS-06","KPI Calculator & Payment Catalog","[HRIS] An Accounting Scoreboard task changes how often it is done from its edit pencil, and the Tasks view caches and loads with a skeleton","Feature","Sprint 30","","Medium","Done","5","5","2026-10-08","3e3fbae0","https://github.com/Simple-biz/simple-hris/commit/3e3fbae0","pass 2026-10-09 (written when applied)",""
"Task","HRIS-06","KPI Calculator & Payment Catalog","[HRIS] Accounting Scoreboard Tasks load behind NPD's loading card, fed line by line by a streamed read","Feature","Sprint 30","","Medium","Done","3","3","2026-10-08","aa5d12b7","https://github.com/Simple-biz/simple-hris/commit/aa5d12b7","pass 2026-10-09 (written when applied)",""
"Task","HRIS-06","KPI Calculator & Payment Catalog","[HRIS] The Accounting Scoreboard Chat post carries a card of progress bars that go red, orange and green as the goal nears, through one Chat sender","Feature","Sprint 30","","Medium","Done","3","3","2026-10-08","4884086a b7cfe890","https://github.com/Simple-biz/simple-hris/commit/b7cfe890","pass 2026-10-09 (written when applied)",""
"Task","HRIS-24","New Hire Checklist & Hiring Analytics","[HRIS] The New Hire Checklist polls the hiring database and places each hire as Synced - interview dates read in US Eastern, a dropped connection retried","Feature","Sprint 30","","High","Done","8","8","2026-10-08","7dc7500d f6a1c2b0 fefe84fc","https://github.com/Simple-biz/simple-hris/commit/fefe84fc","pass 2026-10-09 (written when applied)",""
"Task","HRIS-24","New Hire Checklist & Hiring Analytics","[HRIS] The hires sync writes only the week on the selector and holds a hire it cannot place for HR to add, the New Hire button moves to the top, and its interview date opens on that week","Feature","Sprint 30","","Medium","Done","5","5","2026-10-08","ed616a87 81040a76 cd27f41a e50cb9f4","https://github.com/Simple-biz/simple-hris/commit/e50cb9f4","pass 2026-10-09 (written when applied)",""
"Task","HRIS-03a","Payment Dispatch","[HRIS] Payment Dispatch never shows a paid person as Pending when the paid-list read fails - a failed read is an error, never nobody is paid","Bug","Sprint 30","","Critical","Done","3","3","2026-10-08","c0766122","https://github.com/Simple-biz/simple-hris/commit/c0766122","pass 2026-10-09 (written when applied)",""
"Task","HRIS-03a","Payment Dispatch","[HRIS] A remote change costs Payment Dispatch one queue load per visible screen, not two","Feature","Sprint 30","","High","Done","3","3","2026-10-08","b51f8f15","https://github.com/Simple-biz/simple-hris/commit/b51f8f15","pass 2026-10-09 (written when applied)",""
"Task","HRIS-03c","Vendors & Orphanage Payments","[HRIS] Orphanage interns are paid up to 6 hours a week - hours over it are shown and never paid, and all 9 profiles moved to 6","Feature","Sprint 30","","High","Done","3","3","2026-10-08","74763e67","https://github.com/Simple-biz/simple-hris/commit/74763e67","pass 2026-10-09 (written when applied)",""
"Task","HRIS-13","Real-time Collaboration & Presence","[HRIS] The collab rail names the tab a person is actually on, and a closed tab leaves - realtime-js presence patched","Bug","Sprint 30","","Medium","Done","5","5","2026-10-08","39d04215","https://github.com/Simple-biz/simple-hris/commit/39d04215","pass 2026-10-09 (written when applied)",""
"Task","HRIS-15","Platform, Admin & Observability","[HRIS] Admin Diagnostics' Supabase Postgres card tells a Supabase outage from our own database overloaded","Feature","Sprint 30","","Medium","Done","3","3","2026-10-08","c87a6703","https://github.com/Simple-biz/simple-hris/commit/c87a6703","pass 2026-10-09 (written when applied)",""
"Task","HRIS-24","New Hire Checklist & Hiring Analytics","[HRIS] The hires sync shows what it has pulled - a Synced data list, and an In database tag beside Synced and Manual","Feature","Sprint 30","","Medium","Done","3","3","2026-10-08","bf7d7eb9","https://github.com/Simple-biz/simple-hris/commit/bf7d7eb9","pass 2026-10-09 (written when applied)",""
"Task","HRIS-06","KPI Calculator & Payment Catalog","[HRIS] Everyone rearranges their own Accounting Scoreboard task list within a card, and an Admin can rearrange anyone","Feature","Sprint 30","","Medium","Done","5","5","2026-10-08","d358a4ca","https://github.com/Simple-biz/simple-hris/commit/d358a4ca","pass 2026-10-09 (written when applied)",""
"Task","HRIS-06","KPI Calculator & Payment Catalog","[HRIS] Accounting Scoreboard Setup has Keys - which paid platforms each person holds a seat on, cached, and paged ten people at a time","Feature","Sprint 30","","High","Done","8","8","2026-10-09","49006919 b0bf728b 5cfffc77 006abe91 6f61f788","https://github.com/Simple-biz/simple-hris/commit/6f61f788","pass 2026-10-09 (written when applied)",""
"Task","HRIS-06","KPI Calculator & Payment Catalog","[HRIS] The Accounting Scoreboard header uses the Simple wordmark in place of the trophy tile","Feature","Sprint 30","","Low","Done","3","3","2026-10-09","b3e57d86","https://github.com/Simple-biz/simple-hris/commit/b3e57d86","pass 2026-10-09 (written when applied)",""
"Task","HRIS-06","KPI Calculator & Payment Catalog","[HRIS] The Accounting Scoreboard Overview shows a database signal - three bars and the round trip in ms","Feature","Sprint 30","","Medium","Done","3","3","2026-10-09","909ecb09","https://github.com/Simple-biz/simple-hris/commit/909ecb09","pass 2026-10-09 (written when applied)",""
"Task","HRIS-06","KPI Calculator & Payment Catalog","[HRIS] Accounting Scoreboard History tab - every week as a bar per KPI card, with three highlights and notes","Feature","Sprint 30","","Medium","Done","8","8","2026-10-09","8f737179 78d92c05","https://github.com/Simple-biz/simple-hris/commit/78d92c05","pass 2026-10-09 (written when applied)",""
"Task","HRIS-06","KPI Calculator & Payment Catalog","[HRIS] Accounting Scoreboard Setup has Scheduled Posts - the Chat posts become rows an Admin edits, pauses and adds, and the cron reads them every hour","Feature","Sprint 30","","High","Done","8","8","2026-10-09","c7659cea","https://github.com/Simple-biz/simple-hris/commit/c7659cea","pass 2026-10-09 (written when applied)",""
